date,day_name,day_of_week,day_of_month,week,month_name,month_of_year,month_year_name,month_year_name_sort,quarter,quarter_year_name_sort,year,year_half,red_day_not_sun,black_friday
2013-01-01,Tuesday,1,1,1,January,1,January 2013,201301,1,20131,2013,1,1,0
2013-01-02,Wednesday,2,2,1,January,1,January 2013,201301,1,20131,2013,1,1,0
2013-01-03,Thursday,3,3,1,January,1,January 2013,201301,1,20131,2013,1,1,0
2013-01-04,Friday,4,4,1,January,1,January 2013,201301,1,20131,2013,1,1,0
2013-01-05,Saturday,5,5,1,January,1,January 2013,201301,1,20131,2013,1,0,0
2013-01-06,Sunday,6,6,1,January,1,January 2013,201301,1,20131,2013,1,0,0
2013-01-07,Monday,0,7,2,January,1,January 2013,201301,1,20131,2013,1,1,0
2013-01-08,Tuesday,1,8,2,January,1,January 2013,201301,1,20131,2013,1,1,0
2013-01-09,Wednesday,2,9,2,January,1,January 2013,201301,1,20131,2013,1,0,0
2013-01-10,Thursday,3,10,2,January,1,January 2013,201301,1,20131,2013,1,0,0
2013-01-11,Friday,4,11,2,January,1,January 2013,201301,1,20131,2013,1,0,0
2013-01-12,Saturday,5,12,2,January,1,January 2013,201301,1,20131,2013,1,0,0
2013-01-13,Sunday,6,13,2,January,1,January 2013,201301,1,20131,2013,1,0,0
2013-01-14,Monday,0,14,3,January,1,January 2013,201301,1,20131,2013,1,0,0
2013-01-15,Tuesday,1,15,3,January,1,January 2013,201301,1,20131,2013,1,0,0
2013-01-16,Wednesday,2,16,3,January,1,January 2013,201301,1,20131,2013,1,0,0
2013-01-17,Thursday,3,17,3,January,1,January 2013,201301,1,20131,2013,1,0,0
2013-01-18,Friday,4,18,3,January,1,January 2013,201301,1,20131,2013,1,0,0
2013-01-19,Saturday,5,19,3,January,1,January 2013,201301,1,20131,2013,1,0,0
2013-01-20,Sunday,6,20,3,January,1,January 2013,201301,1,20131,2013,1,0,0
2013-01-21,Monday,0,21,4,January,1,January 2013,201301,1,20131,2013,1,0,0
2013-01-22,Tuesday,1,22,4,January,1,January 2013,201301,1,20131,2013,1,0,0
2013-01-23,Wednesday,2,23,4,January,1,January 2013,201301,1,20131,2013,1,0,0
2013-01-24,Thursday,3,24,4,January,1,January 2013,201301,1,20131,2013,1,0,0
2013-01-25,Friday,4,25,4,January,1,January 2013,201301,1,20131,2013,1,0,0
2013-01-26,Saturday,5,26,4,January,1,January 2013,201301,1,20131,2013,1,0,0
2013-01-27,Sunday,6,27,4,January,1,January 2013,201301,1,20131,2013,1,0,0
2013-01-28,Monday,0,28,5,January,1,January 2013,201301,1,20131,2013,1,0,0
2013-01-29,Tuesday,1,29,5,January,1,January 2013,201301,1,20131,2013,1,0,0
2013-01-30,Wednesday,2,30,5,January,1,January 2013,201301,1,20131,2013,1,0,0
2013-01-31,Thursday,3,31,5,January,1,January 2013,201301,1,20131,2013,1,0,0
2013-02-01,Friday,4,1,5,February,2,February 2013,201302,1,20131,2013,1,0,0
2013-02-02,Saturday,5,2,5,February,2,February 2013,201302,1,20131,2013,1,0,0
2013-02-03,Sunday,6,3,5,February,2,February 2013,201302,1,20131,2013,1,0,0
2013-02-04,Monday,0,4,6,February,2,February 2013,201302,1,20131,2013,1,0,0
2013-02-05,Tuesday,1,5,6,February,2,February 2013,201302,1,20131,2013,1,0,0
2013-02-06,Wednesday,2,6,6,February,2,February 2013,201302,1,20131,2013,1,0,0
2013-02-07,Thursday,3,7,6,February,2,February 2013,201302,1,20131,2013,1,0,0
2013-02-08,Friday,4,8,6,February,2,February 2013,201302,1,20131,2013,1,0,0
2013-02-09,Saturday,5,9,6,February,2,February 2013,201302,1,20131,2013,1,0,0
2013-02-10,Sunday,6,10,6,February,2,February 2013,201302,1,20131,2013,1,0,0
2013-02-11,Monday,0,11,7,February,2,February 2013,201302,1,20131,2013,1,0,0
2013-02-12,Tuesday,1,12,7,February,2,February 2013,201302,1,20131,2013,1,0,0
2013-02-13,Wednesday,2,13,7,February,2,February 2013,201302,1,20131,2013,1,0,0
2013-02-14,Thursday,3,14,7,February,2,February 2013,201302,1,20131,2013,1,0,0
2013-02-15,Friday,4,15,7,February,2,February 2013,201302,1,20131,2013,1,0,0
2013-02-16,Saturday,5,16,7,February,2,February 2013,201302,1,20131,2013,1,0,0
2013-02-17,Sunday,6,17,7,February,2,February 2013,201302,1,20131,2013,1,0,0
2013-02-18,Monday,0,18,8,February,2,February 2013,201302,1,20131,2013,1,0,0
2013-02-19,Tuesday,1,19,8,February,2,February 2013,201302,1,20131,2013,1,0,0
2013-02-20,Wednesday,2,20,8,February,2,February 2013,201302,1,20131,2013,1,0,0
2013-02-21,Thursday,3,21,8,February,2,February 2013,201302,1,20131,2013,1,0,0
2013-02-22,Friday,4,22,8,February,2,February 2013,201302,1,20131,2013,1,0,0
2013-02-23,Saturday,5,23,8,February,2,February 2013,201302,1,20131,2013,1,1,0
2013-02-24,Sunday,6,24,8,February,2,February 2013,201302,1,20131,2013,1,0,0
2013-02-25,Monday,0,25,9,February,2,February 2013,201302,1,20131,2013,1,0,0
2013-02-26,Tuesday,1,26,9,February,2,February 2013,201302,1,20131,2013,1,0,0
2013-02-27,Wednesday,2,27,9,February,2,February 2013,201302,1,20131,2013,1,0,0
2013-02-28,Thursday,3,28,9,February,2,February 2013,201302,1,20131,2013,1,0,0
2013-03-01,Friday,4,1,9,March,3,March 2013,201303,1,20131,2013,1,0,0
2013-03-02,Saturday,5,2,9,March,3,March 2013,201303,1,20131,2013,1,0,0
2013-03-03,Sunday,6,3,9,March,3,March 2013,201303,1,20131,2013,1,0,0
2013-03-04,Monday,0,4,10,March,3,March 2013,201303,1,20131,2013,1,0,0
2013-03-05,Tuesday,1,5,10,March,3,March 2013,201303,1,20131,2013,1,0,0
2013-03-06,Wednesday,2,6,10,March,3,March 2013,201303,1,20131,2013,1,0,0
2013-03-07,Thursday,3,7,10,March,3,March 2013,201303,1,20131,2013,1,0,0
2013-03-08,Friday,4,8,10,March,3,March 2013,201303,1,20131,2013,1,1,0
2013-03-09,Saturday,5,9,10,March,3,March 2013,201303,1,20131,2013,1,0,0
2013-03-10,Sunday,6,10,10,March,3,March 2013,201303,1,20131,2013,1,0,0
2013-03-11,Monday,0,11,11,March,3,March 2013,201303,1,20131,2013,1,0,0
2013-03-12,Tuesday,1,12,11,March,3,March 2013,201303,1,20131,2013,1,0,0
2013-03-13,Wednesday,2,13,11,March,3,March 2013,201303,1,20131,2013,1,0,0
2013-03-14,Thursday,3,14,11,March,3,March 2013,201303,1,20131,2013,1,0,0
2013-03-15,Friday,4,15,11,March,3,March 2013,201303,1,20131,2013,1,0,0
2013-03-16,Saturday,5,16,11,March,3,March 2013,201303,1,20131,2013,1,0,0
2013-03-17,Sunday,6,17,11,March,3,March 2013,201303,1,20131,2013,1,0,0
2013-03-18,Monday,0,18,12,March,3,March 2013,201303,1,20131,2013,1,0,0
2013-03-19,Tuesday,1,19,12,March,3,March 2013,201303,1,20131,2013,1,0,0
2013-03-20,Wednesday,2,20,12,March,3,March 2013,201303,1,20131,2013,1,0,0
2013-03-21,Thursday,3,21,12,March,3,March 2013,201303,1,20131,2013,1,0,0
2013-03-22,Friday,4,22,12,March,3,March 2013,201303,1,20131,2013,1,0,0
2013-03-23,Saturday,5,23,12,March,3,March 2013,201303,1,20131,2013,1,0,0
2013-03-24,Sunday,6,24,12,March,3,March 2013,201303,1,20131,2013,1,0,0
2013-03-25,Monday,0,25,13,March,3,March 2013,201303,1,20131,2013,1,0,0
2013-03-26,Tuesday,1,26,13,March,3,March 2013,201303,1,20131,2013,1,0,0
2013-03-27,Wednesday,2,27,13,March,3,March 2013,201303,1,20131,2013,1,0,0
2013-03-28,Thursday,3,28,13,March,3,March 2013,201303,1,20131,2013,1,0,0
2013-03-29,Friday,4,29,13,March,3,March 2013,201303,1,20131,2013,1,0,0
2013-03-30,Saturday,5,30,13,March,3,March 2013,201303,1,20131,2013,1,0,0
2013-03-31,Sunday,6,31,13,March,3,March 2013,201303,1,20131,2013,1,0,0
2013-04-01,Monday,0,1,14,April,4,April 2013,201304,2,20132,2013,1,0,0
2013-04-02,Tuesday,1,2,14,April,4,April 2013,201304,2,20132,2013,1,0,0
2013-04-03,Wednesday,2,3,14,April,4,April 2013,201304,2,20132,2013,1,0,0
2013-04-04,Thursday,3,4,14,April,4,April 2013,201304,2,20132,2013,1,0,0
2013-04-05,Friday,4,5,14,April,4,April 2013,201304,2,20132,2013,1,0,0
2013-04-06,Saturday,5,6,14,April,4,April 2013,201304,2,20132,2013,1,0,0
2013-04-07,Sunday,6,7,14,April,4,April 2013,201304,2,20132,2013,1,0,0
2013-04-08,Monday,0,8,15,April,4,April 2013,201304,2,20132,2013,1,0,0
2013-04-09,Tuesday,1,9,15,April,4,April 2013,201304,2,20132,2013,1,0,0
2013-04-10,Wednesday,2,10,15,April,4,April 2013,201304,2,20132,2013,1,0,0
2013-04-11,Thursday,3,11,15,April,4,April 2013,201304,2,20132,2013,1,0,0
2013-04-12,Friday,4,12,15,April,4,April 2013,201304,2,20132,2013,1,0,0
2013-04-13,Saturday,5,13,15,April,4,April 2013,201304,2,20132,2013,1,0,0
2013-04-14,Sunday,6,14,15,April,4,April 2013,201304,2,20132,2013,1,0,0
2013-04-15,Monday,0,15,16,April,4,April 2013,201304,2,20132,2013,1,0,0
2013-04-16,Tuesday,1,16,16,April,4,April 2013,201304,2,20132,2013,1,0,0
2013-04-17,Wednesday,2,17,16,April,4,April 2013,201304,2,20132,2013,1,0,0
2013-04-18,Thursday,3,18,16,April,4,April 2013,201304,2,20132,2013,1,0,0
2013-04-19,Friday,4,19,16,April,4,April 2013,201304,2,20132,2013,1,0,0
2013-04-20,Saturday,5,20,16,April,4,April 2013,201304,2,20132,2013,1,0,0
2013-04-21,Sunday,6,21,16,April,4,April 2013,201304,2,20132,2013,1,0,0
2013-04-22,Monday,0,22,17,April,4,April 2013,201304,2,20132,2013,1,0,0
2013-04-23,Tuesday,1,23,17,April,4,April 2013,201304,2,20132,2013,1,0,0
2013-04-24,Wednesday,2,24,17,April,4,April 2013,201304,2,20132,2013,1,0,0
2013-04-25,Thursday,3,25,17,April,4,April 2013,201304,2,20132,2013,1,0,0
2013-04-26,Friday,4,26,17,April,4,April 2013,201304,2,20132,2013,1,0,0
2013-04-27,Saturday,5,27,17,April,4,April 2013,201304,2,20132,2013,1,0,0
2013-04-28,Sunday,6,28,17,April,4,April 2013,201304,2,20132,2013,1,0,0
2013-04-29,Monday,0,29,18,April,4,April 2013,201304,2,20132,2013,1,0,0
2013-04-30,Tuesday,1,30,18,April,4,April 2013,201304,2,20132,2013,1,0,0
2013-05-01,Wednesday,2,1,18,May,5,May 2013,201305,2,20132,2013,1,1,0
2013-05-02,Thursday,3,2,18,May,5,May 2013,201305,2,20132,2013,1,1,0
2013-05-03,Friday,4,3,18,May,5,May 2013,201305,2,20132,2013,1,1,0
2013-05-04,Saturday,5,4,18,May,5,May 2013,201305,2,20132,2013,1,0,0
2013-05-05,Sunday,6,5,18,May,5,May 2013,201305,2,20132,2013,1,0,0
2013-05-06,Monday,0,6,19,May,5,May 2013,201305,2,20132,2013,1,0,0
2013-05-07,Tuesday,1,7,19,May,5,May 2013,201305,2,20132,2013,1,0,0
2013-05-08,Wednesday,2,8,19,May,5,May 2013,201305,2,20132,2013,1,0,0
2013-05-09,Thursday,3,9,19,May,5,May 2013,201305,2,20132,2013,1,1,0
2013-05-10,Friday,4,10,19,May,5,May 2013,201305,2,20132,2013,1,1,0
2013-05-11,Saturday,5,11,19,May,5,May 2013,201305,2,20132,2013,1,0,0
2013-05-12,Sunday,6,12,19,May,5,May 2013,201305,2,20132,2013,1,0,0
2013-05-13,Monday,0,13,20,May,5,May 2013,201305,2,20132,2013,1,0,0
2013-05-14,Tuesday,1,14,20,May,5,May 2013,201305,2,20132,2013,1,0,0
2013-05-15,Wednesday,2,15,20,May,5,May 2013,201305,2,20132,2013,1,0,0
2013-05-16,Thursday,3,16,20,May,5,May 2013,201305,2,20132,2013,1,0,0
2013-05-17,Friday,4,17,20,May,5,May 2013,201305,2,20132,2013,1,0,0
2013-05-18,Saturday,5,18,20,May,5,May 2013,201305,2,20132,2013,1,0,0
2013-05-19,Sunday,6,19,20,May,5,May 2013,201305,2,20132,2013,1,0,0
2013-05-20,Monday,0,20,21,May,5,May 2013,201305,2,20132,2013,1,0,0
2013-05-21,Tuesday,1,21,21,May,5,May 2013,201305,2,20132,2013,1,0,0
2013-05-22,Wednesday,2,22,21,May,5,May 2013,201305,2,20132,2013,1,0,0
2013-05-23,Thursday,3,23,21,May,5,May 2013,201305,2,20132,2013,1,0,0
2013-05-24,Friday,4,24,21,May,5,May 2013,201305,2,20132,2013,1,0,0
2013-05-25,Saturday,5,25,21,May,5,May 2013,201305,2,20132,2013,1,0,0
2013-05-26,Sunday,6,26,21,May,5,May 2013,201305,2,20132,2013,1,0,0
2013-05-27,Monday,0,27,22,May,5,May 2013,201305,2,20132,2013,1,0,0
2013-05-28,Tuesday,1,28,22,May,5,May 2013,201305,2,20132,2013,1,0,0
2013-05-29,Wednesday,2,29,22,May,5,May 2013,201305,2,20132,2013,1,0,0
2013-05-30,Thursday,3,30,22,May,5,May 2013,201305,2,20132,2013,1,0,0
2013-05-31,Friday,4,31,22,May,5,May 2013,201305,2,20132,2013,1,0,0
2013-06-01,Saturday,5,1,22,June,6,June 2013,201306,2,20132,2013,1,0,0
2013-06-02,Sunday,6,2,22,June,6,June 2013,201306,2,20132,2013,1,0,0
2013-06-03,Monday,0,3,23,June,6,June 2013,201306,2,20132,2013,1,0,0
2013-06-04,Tuesday,1,4,23,June,6,June 2013,201306,2,20132,2013,1,0,0
2013-06-05,Wednesday,2,5,23,June,6,June 2013,201306,2,20132,2013,1,0,0
2013-06-06,Thursday,3,6,23,June,6,June 2013,201306,2,20132,2013,1,0,0
2013-06-07,Friday,4,7,23,June,6,June 2013,201306,2,20132,2013,1,0,0
2013-06-08,Saturday,5,8,23,June,6,June 2013,201306,2,20132,2013,1,0,0
2013-06-09,Sunday,6,9,23,June,6,June 2013,201306,2,20132,2013,1,0,0
2013-06-10,Monday,0,10,24,June,6,June 2013,201306,2,20132,2013,1,0,0
2013-06-11,Tuesday,1,11,24,June,6,June 2013,201306,2,20132,2013,1,0,0
2013-06-12,Wednesday,2,12,24,June,6,June 2013,201306,2,20132,2013,1,1,0
2013-06-13,Thursday,3,13,24,June,6,June 2013,201306,2,20132,2013,1,0,0
2013-06-14,Friday,4,14,24,June,6,June 2013,201306,2,20132,2013,1,0,0
2013-06-15,Saturday,5,15,24,June,6,June 2013,201306,2,20132,2013,1,0,0
2013-06-16,Sunday,6,16,24,June,6,June 2013,201306,2,20132,2013,1,0,0
2013-06-17,Monday,0,17,25,June,6,June 2013,201306,2,20132,2013,1,0,0
2013-06-18,Tuesday,1,18,25,June,6,June 2013,201306,2,20132,2013,1,0,0
2013-06-19,Wednesday,2,19,25,June,6,June 2013,201306,2,20132,2013,1,0,0
2013-06-20,Thursday,3,20,25,June,6,June 2013,201306,2,20132,2013,1,0,0
2013-06-21,Friday,4,21,25,June,6,June 2013,201306,2,20132,2013,1,0,0
2013-06-22,Saturday,5,22,25,June,6,June 2013,201306,2,20132,2013,1,0,0
2013-06-23,Sunday,6,23,25,June,6,June 2013,201306,2,20132,2013,1,0,0
2013-06-24,Monday,0,24,26,June,6,June 2013,201306,2,20132,2013,1,0,0
2013-06-25,Tuesday,1,25,26,June,6,June 2013,201306,2,20132,2013,1,0,0
2013-06-26,Wednesday,2,26,26,June,6,June 2013,201306,2,20132,2013,1,0,0
2013-06-27,Thursday,3,27,26,June,6,June 2013,201306,2,20132,2013,1,0,0
2013-06-28,Friday,4,28,26,June,6,June 2013,201306,2,20132,2013,1,0,0
2013-06-29,Saturday,5,29,26,June,6,June 2013,201306,2,20132,2013,1,0,0
2013-06-30,Sunday,6,30,26,June,6,June 2013,201306,2,20132,2013,1,0,0
2013-07-01,Monday,0,1,27,July,7,July 2013,201307,3,20133,2013,2,0,0
2013-07-02,Tuesday,1,2,27,July,7,July 2013,201307,3,20133,2013,2,0,0
2013-07-03,Wednesday,2,3,27,July,7,July 2013,201307,3,20133,2013,2,0,0
2013-07-04,Thursday,3,4,27,July,7,July 2013,201307,3,20133,2013,2,0,0
2013-07-05,Friday,4,5,27,July,7,July 2013,201307,3,20133,2013,2,0,0
2013-07-06,Saturday,5,6,27,July,7,July 2013,201307,3,20133,2013,2,0,0
2013-07-07,Sunday,6,7,27,July,7,July 2013,201307,3,20133,2013,2,0,0
2013-07-08,Monday,0,8,28,July,7,July 2013,201307,3,20133,2013,2,0,0
2013-07-09,Tuesday,1,9,28,July,7,July 2013,201307,3,20133,2013,2,0,0
2013-07-10,Wednesday,2,10,28,July,7,July 2013,201307,3,20133,2013,2,0,0
2013-07-11,Thursday,3,11,28,July,7,July 2013,201307,3,20133,2013,2,0,0
2013-07-12,Friday,4,12,28,July,7,July 2013,201307,3,20133,2013,2,0,0
2013-07-13,Saturday,5,13,28,July,7,July 2013,201307,3,20133,2013,2,0,0
2013-07-14,Sunday,6,14,28,July,7,July 2013,201307,3,20133,2013,2,0,0
2013-07-15,Monday,0,15,29,July,7,July 2013,201307,3,20133,2013,2,0,0
2013-07-16,Tuesday,1,16,29,July,7,July 2013,201307,3,20133,2013,2,0,0
2013-07-17,Wednesday,2,17,29,July,7,July 2013,201307,3,20133,2013,2,0,0
2013-07-18,Thursday,3,18,29,July,7,July 2013,201307,3,20133,2013,2,0,0
2013-07-19,Friday,4,19,29,July,7,July 2013,201307,3,20133,2013,2,0,0
2013-07-20,Saturday,5,20,29,July,7,July 2013,201307,3,20133,2013,2,0,0
2013-07-21,Sunday,6,21,29,July,7,July 2013,201307,3,20133,2013,2,0,0
2013-07-22,Monday,0,22,30,July,7,July 2013,201307,3,20133,2013,2,0,0
2013-07-23,Tuesday,1,23,30,July,7,July 2013,201307,3,20133,2013,2,0,0
2013-07-24,Wednesday,2,24,30,July,7,July 2013,201307,3,20133,2013,2,0,0
2013-07-25,Thursday,3,25,30,July,7,July 2013,201307,3,20133,2013,2,0,0
2013-07-26,Friday,4,26,30,July,7,July 2013,201307,3,20133,2013,2,0,0
2013-07-27,Saturday,5,27,30,July,7,July 2013,201307,3,20133,2013,2,0,0
2013-07-28,Sunday,6,28,30,July,7,July 2013,201307,3,20133,2013,2,0,0
2013-07-29,Monday,0,29,31,July,7,July 2013,201307,3,20133,2013,2,0,0
2013-07-30,Tuesday,1,30,31,July,7,July 2013,201307,3,20133,2013,2,0,0
2013-07-31,Wednesday,2,31,31,July,7,July 2013,201307,3,20133,2013,2,0,0
2013-08-01,Thursday,3,1,31,August,8,August 2013,201308,3,20133,2013,2,0,0
2013-08-02,Friday,4,2,31,August,8,August 2013,201308,3,20133,2013,2,0,0
2013-08-03,Saturday,5,3,31,August,8,August 2013,201308,3,20133,2013,2,0,0
2013-08-04,Sunday,6,4,31,August,8,August 2013,201308,3,20133,2013,2,0,0
2013-08-05,Monday,0,5,32,August,8,August 2013,201308,3,20133,2013,2,0,0
2013-08-06,Tuesday,1,6,32,August,8,August 2013,201308,3,20133,2013,2,0,0
2013-08-07,Wednesday,2,7,32,August,8,August 2013,201308,3,20133,2013,2,0,0
2013-08-08,Thursday,3,8,32,August,8,August 2013,201308,3,20133,2013,2,0,0
2013-08-09,Friday,4,9,32,August,8,August 2013,201308,3,20133,2013,2,0,0
2013-08-10,Saturday,5,10,32,August,8,August 2013,201308,3,20133,2013,2,0,0
2013-08-11,Sunday,6,11,32,August,8,August 2013,201308,3,20133,2013,2,0,0
2013-08-12,Monday,0,12,33,August,8,August 2013,201308,3,20133,2013,2,0,0
2013-08-13,Tuesday,1,13,33,August,8,August 2013,201308,3,20133,2013,2,0,0
2013-08-14,Wednesday,2,14,33,August,8,August 2013,201308,3,20133,2013,2,0,0
2013-08-15,Thursday,3,15,33,August,8,August 2013,201308,3,20133,2013,2,0,0
2013-08-16,Friday,4,16,33,August,8,August 2013,201308,3,20133,2013,2,0,0
2013-08-17,Saturday,5,17,33,August,8,August 2013,201308,3,20133,2013,2,0,0
2013-08-18,Sunday,6,18,33,August,8,August 2013,201308,3,20133,2013,2,0,0
2013-08-19,Monday,0,19,34,August,8,August 2013,201308,3,20133,2013,2,0,0
2013-08-20,Tuesday,1,20,34,August,8,August 2013,201308,3,20133,2013,2,0,0
2013-08-21,Wednesday,2,21,34,August,8,August 2013,201308,3,20133,2013,2,0,0
2013-08-22,Thursday,3,22,34,August,8,August 2013,201308,3,20133,2013,2,0,0
2013-08-23,Friday,4,23,34,August,8,August 2013,201308,3,20133,2013,2,0,0
2013-08-24,Saturday,5,24,34,August,8,August 2013,201308,3,20133,2013,2,0,0
2013-08-25,Sunday,6,25,34,August,8,August 2013,201308,3,20133,2013,2,0,0
2013-08-26,Monday,0,26,35,August,8,August 2013,201308,3,20133,2013,2,0,0
2013-08-27,Tuesday,1,27,35,August,8,August 2013,201308,3,20133,2013,2,0,0
2013-08-28,Wednesday,2,28,35,August,8,August 2013,201308,3,20133,2013,2,0,0
2013-08-29,Thursday,3,29,35,August,8,August 2013,201308,3,20133,2013,2,0,0
2013-08-30,Friday,4,30,35,August,8,August 2013,201308,3,20133,2013,2,0,0
2013-08-31,Saturday,5,31,35,August,8,August 2013,201308,3,20133,2013,2,0,0
2013-09-01,Sunday,6,1,35,September,9,September 2013,201309,3,20133,2013,2,0,0
2013-09-02,Monday,0,2,36,September,9,September 2013,201309,3,20133,2013,2,0,0
2013-09-03,Tuesday,1,3,36,September,9,September 2013,201309,3,20133,2013,2,0,0
2013-09-04,Wednesday,2,4,36,September,9,September 2013,201309,3,20133,2013,2,0,0
2013-09-05,Thursday,3,5,36,September,9,September 2013,201309,3,20133,2013,2,0,0
2013-09-06,Friday,4,6,36,September,9,September 2013,201309,3,20133,2013,2,0,0
2013-09-07,Saturday,5,7,36,September,9,September 2013,201309,3,20133,2013,2,0,0
2013-09-08,Sunday,6,8,36,September,9,September 2013,201309,3,20133,2013,2,0,0
2013-09-09,Monday,0,9,37,September,9,September 2013,201309,3,20133,2013,2,0,0
2013-09-10,Tuesday,1,10,37,September,9,September 2013,201309,3,20133,2013,2,0,0
2013-09-11,Wednesday,2,11,37,September,9,September 2013,201309,3,20133,2013,2,0,0
2013-09-12,Thursday,3,12,37,September,9,September 2013,201309,3,20133,2013,2,0,0
2013-09-13,Friday,4,13,37,September,9,September 2013,201309,3,20133,2013,2,0,0
2013-09-14,Saturday,5,14,37,September,9,September 2013,201309,3,20133,2013,2,0,0
2013-09-15,Sunday,6,15,37,September,9,September 2013,201309,3,20133,2013,2,0,0
2013-09-16,Monday,0,16,38,September,9,September 2013,201309,3,20133,2013,2,0,0
2013-09-17,Tuesday,1,17,38,September,9,September 2013,201309,3,20133,2013,2,0,0
2013-09-18,Wednesday,2,18,38,September,9,September 2013,201309,3,20133,2013,2,0,0
2013-09-19,Thursday,3,19,38,September,9,September 2013,201309,3,20133,2013,2,0,0
2013-09-20,Friday,4,20,38,September,9,September 2013,201309,3,20133,2013,2,0,0
2013-09-21,Saturday,5,21,38,September,9,September 2013,201309,3,20133,2013,2,0,0
2013-09-22,Sunday,6,22,38,September,9,September 2013,201309,3,20133,2013,2,0,0
2013-09-23,Monday,0,23,39,September,9,September 2013,201309,3,20133,2013,2,0,0
2013-09-24,Tuesday,1,24,39,September,9,September 2013,201309,3,20133,2013,2,0,0
2013-09-25,Wednesday,2,25,39,September,9,September 2013,201309,3,20133,2013,2,0,0
2013-09-26,Thursday,3,26,39,September,9,September 2013,201309,3,20133,2013,2,0,0
2013-09-27,Friday,4,27,39,September,9,September 2013,201309,3,20133,2013,2,0,0
2013-09-28,Saturday,5,28,39,September,9,September 2013,201309,3,20133,2013,2,0,0
2013-09-29,Sunday,6,29,39,September,9,September 2013,201309,3,20133,2013,2,0,0
2013-09-30,Monday,0,30,40,September,9,September 2013,201309,3,20133,2013,2,0,0
2013-10-01,Tuesday,1,1,40,October,10,October 2013,201310,4,20134,2013,2,0,0
2013-10-02,Wednesday,2,2,40,October,10,October 2013,201310,4,20134,2013,2,0,0
2013-10-03,Thursday,3,3,40,October,10,October 2013,201310,4,20134,2013,2,0,0
2013-10-04,Friday,4,4,40,October,10,October 2013,201310,4,20134,2013,2,0,0
2013-10-05,Saturday,5,5,40,October,10,October 2013,201310,4,20134,2013,2,0,0
2013-10-06,Sunday,6,6,40,October,10,October 2013,201310,4,20134,2013,2,0,0
2013-10-07,Monday,0,7,41,October,10,October 2013,201310,4,20134,2013,2,0,0
2013-10-08,Tuesday,1,8,41,October,10,October 2013,201310,4,20134,2013,2,0,0
2013-10-09,Wednesday,2,9,41,October,10,October 2013,201310,4,20134,2013,2,0,0
2013-10-10,Thursday,3,10,41,October,10,October 2013,201310,4,20134,2013,2,0,0
2013-10-11,Friday,4,11,41,October,10,October 2013,201310,4,20134,2013,2,0,0
2013-10-12,Saturday,5,12,41,October,10,October 2013,201310,4,20134,2013,2,0,0
2013-10-13,Sunday,6,13,41,October,10,October 2013,201310,4,20134,2013,2,0,0
2013-10-14,Monday,0,14,42,October,10,October 2013,201310,4,20134,2013,2,0,0
2013-10-15,Tuesday,1,15,42,October,10,October 2013,201310,4,20134,2013,2,0,0
2013-10-16,Wednesday,2,16,42,October,10,October 2013,201310,4,20134,2013,2,0,0
2013-10-17,Thursday,3,17,42,October,10,October 2013,201310,4,20134,2013,2,0,0
2013-10-18,Friday,4,18,42,October,10,October 2013,201310,4,20134,2013,2,0,0
2013-10-19,Saturday,5,19,42,October,10,October 2013,201310,4,20134,2013,2,0,0
2013-10-20,Sunday,6,20,42,October,10,October 2013,201310,4,20134,2013,2,0,0
2013-10-21,Monday,0,21,43,October,10,October 2013,201310,4,20134,2013,2,0,0
2013-10-22,Tuesday,1,22,43,October,10,October 2013,201310,4,20134,2013,2,0,0
2013-10-23,Wednesday,2,23,43,October,10,October 2013,201310,4,20134,2013,2,0,0
2013-10-24,Thursday,3,24,43,October,10,October 2013,201310,4,20134,2013,2,0,0
2013-10-25,Friday,4,25,43,October,10,October 2013,201310,4,20134,2013,2,0,0
2013-10-26,Saturday,5,26,43,October,10,October 2013,201310,4,20134,2013,2,0,0
2013-10-27,Sunday,6,27,43,October,10,October 2013,201310,4,20134,2013,2,0,0
2013-10-28,Monday,0,28,44,October,10,October 2013,201310,4,20134,2013,2,0,0
2013-10-29,Tuesday,1,29,44,October,10,October 2013,201310,4,20134,2013,2,0,0
2013-10-30,Wednesday,2,30,44,October,10,October 2013,201310,4,20134,2013,2,0,0
2013-10-31,Thursday,3,31,44,October,10,October 2013,201310,4,20134,2013,2,0,0
2013-11-01,Friday,4,1,44,November,11,November 2013,201311,4,20134,2013,2,0,0
2013-11-02,Saturday,5,2,44,November,11,November 2013,201311,4,20134,2013,2,0,0
2013-11-03,Sunday,6,3,44,November,11,November 2013,201311,4,20134,2013,2,0,0
2013-11-04,Monday,0,4,45,November,11,November 2013,201311,4,20134,2013,2,1,0
2013-11-05,Tuesday,1,5,45,November,11,November 2013,201311,4,20134,2013,2,0,0
2013-11-06,Wednesday,2,6,45,November,11,November 2013,201311,4,20134,2013,2,0,0
2013-11-07,Thursday,3,7,45,November,11,November 2013,201311,4,20134,2013,2,0,0
2013-11-08,Friday,4,8,45,November,11,November 2013,201311,4,20134,2013,2,0,0
2013-11-09,Saturday,5,9,45,November,11,November 2013,201311,4,20134,2013,2,0,0
2013-11-10,Sunday,6,10,45,November,11,November 2013,201311,4,20134,2013,2,0,0
2013-11-11,Monday,0,11,46,November,11,November 2013,201311,4,20134,2013,2,0,0
2013-11-12,Tuesday,1,12,46,November,11,November 2013,201311,4,20134,2013,2,0,0
2013-11-13,Wednesday,2,13,46,November,11,November 2013,201311,4,20134,2013,2,0,0
2013-11-14,Thursday,3,14,46,November,11,November 2013,201311,4,20134,2013,2,0,0
2013-11-15,Friday,4,15,46,November,11,November 2013,201311,4,20134,2013,2,0,0
2013-11-16,Saturday,5,16,46,November,11,November 2013,201311,4,20134,2013,2,0,0
2013-11-17,Sunday,6,17,46,November,11,November 2013,201311,4,20134,2013,2,0,0
2013-11-18,Monday,0,18,47,November,11,November 2013,201311,4,20134,2013,2,0,0
2013-11-19,Tuesday,1,19,47,November,11,November 2013,201311,4,20134,2013,2,0,0
2013-11-20,Wednesday,2,20,47,November,11,November 2013,201311,4,20134,2013,2,0,0
2013-11-21,Thursday,3,21,47,November,11,November 2013,201311,4,20134,2013,2,0,0
2013-11-22,Friday,4,22,47,November,11,November 2013,201311,4,20134,2013,2,0,0
2013-11-23,Saturday,5,23,47,November,11,November 2013,201311,4,20134,2013,2,0,0
2013-11-24,Sunday,6,24,47,November,11,November 2013,201311,4,20134,2013,2,0,0
2013-11-25,Monday,0,25,48,November,11,November 2013,201311,4,20134,2013,2,0,0
2013-11-26,Tuesday,1,26,48,November,11,November 2013,201311,4,20134,2013,2,0,0
2013-11-27,Wednesday,2,27,48,November,11,November 2013,201311,4,20134,2013,2,0,0
2013-11-28,Thursday,3,28,48,November,11,November 2013,201311,4,20134,2013,2,0,0
2013-11-29,Friday,4,29,48,November,11,November 2013,201311,4,20134,2013,2,0,1
2013-11-30,Saturday,5,30,48,November,11,November 2013,201311,4,20134,2013,2,0,0
2013-12-01,Sunday,6,1,48,December,12,December 2013,201312,4,20134,2013,2,0,0
2013-12-02,Monday,0,2,49,December,12,December 2013,201312,4,20134,2013,2,0,0
2013-12-03,Tuesday,1,3,49,December,12,December 2013,201312,4,20134,2013,2,0,0
2013-12-04,Wednesday,2,4,49,December,12,December 2013,201312,4,20134,2013,2,0,0
2013-12-05,Thursday,3,5,49,December,12,December 2013,201312,4,20134,2013,2,0,0
2013-12-06,Friday,4,6,49,December,12,December 2013,201312,4,20134,2013,2,0,0
2013-12-07,Saturday,5,7,49,December,12,December 2013,201312,4,20134,2013,2,0,0
2013-12-08,Sunday,6,8,49,December,12,December 2013,201312,4,20134,2013,2,0,0
2013-12-09,Monday,0,9,50,December,12,December 2013,201312,4,20134,2013,2,0,0
2013-12-10,Tuesday,1,10,50,December,12,December 2013,201312,4,20134,2013,2,0,0
2013-12-11,Wednesday,2,11,50,December,12,December 2013,201312,4,20134,2013,2,0,0
2013-12-12,Thursday,3,12,50,December,12,December 2013,201312,4,20134,2013,2,0,0
2013-12-13,Friday,4,13,50,December,12,December 2013,201312,4,20134,2013,2,0,0
2013-12-14,Saturday,5,14,50,December,12,December 2013,201312,4,20134,2013,2,0,0
2013-12-15,Sunday,6,15,50,December,12,December 2013,201312,4,20134,2013,2,0,0
2013-12-16,Monday,0,16,51,December,12,December 2013,201312,4,20134,2013,2,0,0
2013-12-17,Tuesday,1,17,51,December,12,December 2013,201312,4,20134,2013,2,0,0
2013-12-18,Wednesday,2,18,51,December,12,December 2013,201312,4,20134,2013,2,0,0
2013-12-19,Thursday,3,19,51,December,12,December 2013,201312,4,20134,2013,2,0,0
2013-12-20,Friday,4,20,51,December,12,December 2013,201312,4,20134,2013,2,0,0
2013-12-21,Saturday,5,21,51,December,12,December 2013,201312,4,20134,2013,2,0,0
2013-12-22,Sunday,6,22,51,December,12,December 2013,201312,4,20134,2013,2,0,0
2013-12-23,Monday,0,23,52,December,12,December 2013,201312,4,20134,2013,2,0,0
2013-12-24,Tuesday,1,24,52,December,12,December 2013,201312,4,20134,2013,2,0,0
2013-12-25,Wednesday,2,25,52,December,12,December 2013,201312,4,20134,2013,2,0,0
2013-12-26,Thursday,3,26,52,December,12,December 2013,201312,4,20134,2013,2,0,0
2013-12-27,Friday,4,27,52,December,12,December 2013,201312,4,20134,2013,2,0,0
2013-12-28,Saturday,5,28,52,December,12,December 2013,201312,4,20134,2013,2,0,0
2013-12-29,Sunday,6,29,52,December,12,December 2013,201312,4,20134,2013,2,0,0
2013-12-30,Monday,0,30,1,December,12,December 2013,201312,4,20134,2013,2,0,0
2013-12-31,Tuesday,1,31,1,December,12,December 2013,201312,4,20134,2013,2,0,0
2014-01-01,Wednesday,2,1,1,January,1,January 2014,201401,1,20141,2014,1,1,0
2014-01-02,Thursday,3,2,1,January,1,January 2014,201401,1,20141,2014,1,1,0
2014-01-03,Friday,4,3,1,January,1,January 2014,201401,1,20141,2014,1,1,0
2014-01-04,Saturday,5,4,1,January,1,January 2014,201401,1,20141,2014,1,0,0
2014-01-05,Sunday,6,5,1,January,1,January 2014,201401,1,20141,2014,1,0,0
2014-01-06,Monday,0,6,2,January,1,January 2014,201401,1,20141,2014,1,1,0
2014-01-07,Tuesday,1,7,2,January,1,January 2014,201401,1,20141,2014,1,1,0
2014-01-08,Wednesday,2,8,2,January,1,January 2014,201401,1,20141,2014,1,1,0
2014-01-09,Thursday,3,9,2,January,1,January 2014,201401,1,20141,2014,1,0,0
2014-01-10,Friday,4,10,2,January,1,January 2014,201401,1,20141,2014,1,0,0
2014-01-11,Saturday,5,11,2,January,1,January 2014,201401,1,20141,2014,1,0,0
2014-01-12,Sunday,6,12,2,January,1,January 2014,201401,1,20141,2014,1,0,0
2014-01-13,Monday,0,13,3,January,1,January 2014,201401,1,20141,2014,1,0,0
2014-01-14,Tuesday,1,14,3,January,1,January 2014,201401,1,20141,2014,1,0,0
2014-01-15,Wednesday,2,15,3,January,1,January 2014,201401,1,20141,2014,1,0,0
2014-01-16,Thursday,3,16,3,January,1,January 2014,201401,1,20141,2014,1,0,0
2014-01-17,Friday,4,17,3,January,1,January 2014,201401,1,20141,2014,1,0,0
2014-01-18,Saturday,5,18,3,January,1,January 2014,201401,1,20141,2014,1,0,0
2014-01-19,Sunday,6,19,3,January,1,January 2014,201401,1,20141,2014,1,0,0
2014-01-20,Monday,0,20,4,January,1,January 2014,201401,1,20141,2014,1,0,0
2014-01-21,Tuesday,1,21,4,January,1,January 2014,201401,1,20141,2014,1,0,0
2014-01-22,Wednesday,2,22,4,January,1,January 2014,201401,1,20141,2014,1,0,0
2014-01-23,Thursday,3,23,4,January,1,January 2014,201401,1,20141,2014,1,0,0
2014-01-24,Friday,4,24,4,January,1,January 2014,201401,1,20141,2014,1,0,0
2014-01-25,Saturday,5,25,4,January,1,January 2014,201401,1,20141,2014,1,0,0
2014-01-26,Sunday,6,26,4,January,1,January 2014,201401,1,20141,2014,1,0,0
2014-01-27,Monday,0,27,5,January,1,January 2014,201401,1,20141,2014,1,0,0
2014-01-28,Tuesday,1,28,5,January,1,January 2014,201401,1,20141,2014,1,0,0
2014-01-29,Wednesday,2,29,5,January,1,January 2014,201401,1,20141,2014,1,0,0
2014-01-30,Thursday,3,30,5,January,1,January 2014,201401,1,20141,2014,1,0,0
2014-01-31,Friday,4,31,5,January,1,January 2014,201401,1,20141,2014,1,0,0
2014-02-01,Saturday,5,1,5,February,2,February 2014,201402,1,20141,2014,1,0,0
2014-02-02,Sunday,6,2,5,February,2,February 2014,201402,1,20141,2014,1,0,0
2014-02-03,Monday,0,3,6,February,2,February 2014,201402,1,20141,2014,1,0,0
2014-02-04,Tuesday,1,4,6,February,2,February 2014,201402,1,20141,2014,1,0,0
2014-02-05,Wednesday,2,5,6,February,2,February 2014,201402,1,20141,2014,1,0,0
2014-02-06,Thursday,3,6,6,February,2,February 2014,201402,1,20141,2014,1,0,0
2014-02-07,Friday,4,7,6,February,2,February 2014,201402,1,20141,2014,1,0,0
2014-02-08,Saturday,5,8,6,February,2,February 2014,201402,1,20141,2014,1,0,0
2014-02-09,Sunday,6,9,6,February,2,February 2014,201402,1,20141,2014,1,0,0
2014-02-10,Monday,0,10,7,February,2,February 2014,201402,1,20141,2014,1,0,0
2014-02-11,Tuesday,1,11,7,February,2,February 2014,201402,1,20141,2014,1,0,0
2014-02-12,Wednesday,2,12,7,February,2,February 2014,201402,1,20141,2014,1,0,0
2014-02-13,Thursday,3,13,7,February,2,February 2014,201402,1,20141,2014,1,0,0
2014-02-14,Friday,4,14,7,February,2,February 2014,201402,1,20141,2014,1,0,0
2014-02-15,Saturday,5,15,7,February,2,February 2014,201402,1,20141,2014,1,0,0
2014-02-16,Sunday,6,16,7,February,2,February 2014,201402,1,20141,2014,1,0,0
2014-02-17,Monday,0,17,8,February,2,February 2014,201402,1,20141,2014,1,0,0
2014-02-18,Tuesday,1,18,8,February,2,February 2014,201402,1,20141,2014,1,0,0
2014-02-19,Wednesday,2,19,8,February,2,February 2014,201402,1,20141,2014,1,0,0
2014-02-20,Thursday,3,20,8,February,2,February 2014,201402,1,20141,2014,1,0,0
2014-02-21,Friday,4,21,8,February,2,February 2014,201402,1,20141,2014,1,0,0
2014-02-22,Saturday,5,22,8,February,2,February 2014,201402,1,20141,2014,1,1,0
2014-02-23,Sunday,6,23,8,February,2,February 2014,201402,1,20141,2014,1,0,0
2014-02-24,Monday,0,24,9,February,2,February 2014,201402,1,20141,2014,1,0,0
2014-02-25,Tuesday,1,25,9,February,2,February 2014,201402,1,20141,2014,1,0,0
2014-02-26,Wednesday,2,26,9,February,2,February 2014,201402,1,20141,2014,1,0,0
2014-02-27,Thursday,3,27,9,February,2,February 2014,201402,1,20141,2014,1,0,0
2014-02-28,Friday,4,28,9,February,2,February 2014,201402,1,20141,2014,1,0,0
2014-03-01,Saturday,5,1,9,March,3,March 2014,201403,1,20141,2014,1,0,0
2014-03-02,Sunday,6,2,9,March,3,March 2014,201403,1,20141,2014,1,0,0
2014-03-03,Monday,0,3,10,March,3,March 2014,201403,1,20141,2014,1,0,0
2014-03-04,Tuesday,1,4,10,March,3,March 2014,201403,1,20141,2014,1,0,0
2014-03-05,Wednesday,2,5,10,March,3,March 2014,201403,1,20141,2014,1,0,0
2014-03-06,Thursday,3,6,10,March,3,March 2014,201403,1,20141,2014,1,0,0
2014-03-07,Friday,4,7,10,March,3,March 2014,201403,1,20141,2014,1,0,0
2014-03-08,Saturday,5,8,10,March,3,March 2014,201403,1,20141,2014,1,0,0
2014-03-09,Sunday,6,9,10,March,3,March 2014,201403,1,20141,2014,1,0,0
2014-03-10,Monday,0,10,11,March,3,March 2014,201403,1,20141,2014,1,1,0
2014-03-11,Tuesday,1,11,11,March,3,March 2014,201403,1,20141,2014,1,0,0
2014-03-12,Wednesday,2,12,11,March,3,March 2014,201403,1,20141,2014,1,0,0
2014-03-13,Thursday,3,13,11,March,3,March 2014,201403,1,20141,2014,1,0,0
2014-03-14,Friday,4,14,11,March,3,March 2014,201403,1,20141,2014,1,0,0
2014-03-15,Saturday,5,15,11,March,3,March 2014,201403,1,20141,2014,1,0,0
2014-03-16,Sunday,6,16,11,March,3,March 2014,201403,1,20141,2014,1,0,0
2014-03-17,Monday,0,17,12,March,3,March 2014,201403,1,20141,2014,1,0,0
2014-03-18,Tuesday,1,18,12,March,3,March 2014,201403,1,20141,2014,1,0,0
2014-03-19,Wednesday,2,19,12,March,3,March 2014,201403,1,20141,2014,1,0,0
2014-03-20,Thursday,3,20,12,March,3,March 2014,201403,1,20141,2014,1,0,0
2014-03-21,Friday,4,21,12,March,3,March 2014,201403,1,20141,2014,1,0,0
2014-03-22,Saturday,5,22,12,March,3,March 2014,201403,1,20141,2014,1,0,0
2014-03-23,Sunday,6,23,12,March,3,March 2014,201403,1,20141,2014,1,0,0
2014-03-24,Monday,0,24,13,March,3,March 2014,201403,1,20141,2014,1,0,0
2014-03-25,Tuesday,1,25,13,March,3,March 2014,201403,1,20141,2014,1,0,0
2014-03-26,Wednesday,2,26,13,March,3,March 2014,201403,1,20141,2014,1,0,0
2014-03-27,Thursday,3,27,13,March,3,March 2014,201403,1,20141,2014,1,0,0
2014-03-28,Friday,4,28,13,March,3,March 2014,201403,1,20141,2014,1,0,0
2014-03-29,Saturday,5,29,13,March,3,March 2014,201403,1,20141,2014,1,0,0
2014-03-30,Sunday,6,30,13,March,3,March 2014,201403,1,20141,2014,1,0,0
2014-03-31,Monday,0,31,14,March,3,March 2014,201403,1,20141,2014,1,0,0
2014-04-01,Tuesday,1,1,14,April,4,April 2014,201404,2,20142,2014,1,0,0
2014-04-02,Wednesday,2,2,14,April,4,April 2014,201404,2,20142,2014,1,0,0
2014-04-03,Thursday,3,3,14,April,4,April 2014,201404,2,20142,2014,1,0,0
2014-04-04,Friday,4,4,14,April,4,April 2014,201404,2,20142,2014,1,0,0
2014-04-05,Saturday,5,5,14,April,4,April 2014,201404,2,20142,2014,1,0,0
2014-04-06,Sunday,6,6,14,April,4,April 2014,201404,2,20142,2014,1,0,0
2014-04-07,Monday,0,7,15,April,4,April 2014,201404,2,20142,2014,1,0,0
2014-04-08,Tuesday,1,8,15,April,4,April 2014,201404,2,20142,2014,1,0,0
2014-04-09,Wednesday,2,9,15,April,4,April 2014,201404,2,20142,2014,1,0,0
2014-04-10,Thursday,3,10,15,April,4,April 2014,201404,2,20142,2014,1,0,0
2014-04-11,Friday,4,11,15,April,4,April 2014,201404,2,20142,2014,1,0,0
2014-04-12,Saturday,5,12,15,April,4,April 2014,201404,2,20142,2014,1,0,0
2014-04-13,Sunday,6,13,15,April,4,April 2014,201404,2,20142,2014,1,0,0
2014-04-14,Monday,0,14,16,April,4,April 2014,201404,2,20142,2014,1,0,0
2014-04-15,Tuesday,1,15,16,April,4,April 2014,201404,2,20142,2014,1,0,0
2014-04-16,Wednesday,2,16,16,April,4,April 2014,201404,2,20142,2014,1,0,0
2014-04-17,Thursday,3,17,16,April,4,April 2014,201404,2,20142,2014,1,0,0
2014-04-18,Friday,4,18,16,April,4,April 2014,201404,2,20142,2014,1,0,0
2014-04-19,Saturday,5,19,16,April,4,April 2014,201404,2,20142,2014,1,0,0
2014-04-20,Sunday,6,20,16,April,4,April 2014,201404,2,20142,2014,1,0,0
2014-04-21,Monday,0,21,17,April,4,April 2014,201404,2,20142,2014,1,0,0
2014-04-22,Tuesday,1,22,17,April,4,April 2014,201404,2,20142,2014,1,0,0
2014-04-23,Wednesday,2,23,17,April,4,April 2014,201404,2,20142,2014,1,0,0
2014-04-24,Thursday,3,24,17,April,4,April 2014,201404,2,20142,2014,1,0,0
2014-04-25,Friday,4,25,17,April,4,April 2014,201404,2,20142,2014,1,0,0
2014-04-26,Saturday,5,26,17,April,4,April 2014,201404,2,20142,2014,1,0,0
2014-04-27,Sunday,6,27,17,April,4,April 2014,201404,2,20142,2014,1,0,0
2014-04-28,Monday,0,28,18,April,4,April 2014,201404,2,20142,2014,1,0,0
2014-04-29,Tuesday,1,29,18,April,4,April 2014,201404,2,20142,2014,1,0,0
2014-04-30,Wednesday,2,30,18,April,4,April 2014,201404,2,20142,2014,1,0,0
2014-05-01,Thursday,3,1,18,May,5,May 2014,201405,2,20142,2014,1,1,0
2014-05-02,Friday,4,2,18,May,5,May 2014,201405,2,20142,2014,1,1,0
2014-05-03,Saturday,5,3,18,May,5,May 2014,201405,2,20142,2014,1,1,0
2014-05-04,Sunday,6,4,18,May,5,May 2014,201405,2,20142,2014,1,0,0
2014-05-05,Monday,0,5,19,May,5,May 2014,201405,2,20142,2014,1,0,0
2014-05-06,Tuesday,1,6,19,May,5,May 2014,201405,2,20142,2014,1,0,0
2014-05-07,Wednesday,2,7,19,May,5,May 2014,201405,2,20142,2014,1,0,0
2014-05-08,Thursday,3,8,19,May,5,May 2014,201405,2,20142,2014,1,0,0
2014-05-09,Friday,4,9,19,May,5,May 2014,201405,2,20142,2014,1,1,0
2014-05-10,Saturday,5,10,19,May,5,May 2014,201405,2,20142,2014,1,1,0
2014-05-11,Sunday,6,11,19,May,5,May 2014,201405,2,20142,2014,1,0,0
2014-05-12,Monday,0,12,20,May,5,May 2014,201405,2,20142,2014,1,0,0
2014-05-13,Tuesday,1,13,20,May,5,May 2014,201405,2,20142,2014,1,0,0
2014-05-14,Wednesday,2,14,20,May,5,May 2014,201405,2,20142,2014,1,0,0
2014-05-15,Thursday,3,15,20,May,5,May 2014,201405,2,20142,2014,1,0,0
2014-05-16,Friday,4,16,20,May,5,May 2014,201405,2,20142,2014,1,0,0
2014-05-17,Saturday,5,17,20,May,5,May 2014,201405,2,20142,2014,1,0,0
2014-05-18,Sunday,6,18,20,May,5,May 2014,201405,2,20142,2014,1,0,0
2014-05-19,Monday,0,19,21,May,5,May 2014,201405,2,20142,2014,1,0,0
2014-05-20,Tuesday,1,20,21,May,5,May 2014,201405,2,20142,2014,1,0,0
2014-05-21,Wednesday,2,21,21,May,5,May 2014,201405,2,20142,2014,1,0,0
2014-05-22,Thursday,3,22,21,May,5,May 2014,201405,2,20142,2014,1,0,0
2014-05-23,Friday,4,23,21,May,5,May 2014,201405,2,20142,2014,1,0,0
2014-05-24,Saturday,5,24,21,May,5,May 2014,201405,2,20142,2014,1,0,0
2014-05-25,Sunday,6,25,21,May,5,May 2014,201405,2,20142,2014,1,0,0
2014-05-26,Monday,0,26,22,May,5,May 2014,201405,2,20142,2014,1,0,0
2014-05-27,Tuesday,1,27,22,May,5,May 2014,201405,2,20142,2014,1,0,0
2014-05-28,Wednesday,2,28,22,May,5,May 2014,201405,2,20142,2014,1,0,0
2014-05-29,Thursday,3,29,22,May,5,May 2014,201405,2,20142,2014,1,0,0
2014-05-30,Friday,4,30,22,May,5,May 2014,201405,2,20142,2014,1,0,0
2014-05-31,Saturday,5,31,22,May,5,May 2014,201405,2,20142,2014,1,0,0
2014-06-01,Sunday,6,1,22,June,6,June 2014,201406,2,20142,2014,1,0,0
2014-06-02,Monday,0,2,23,June,6,June 2014,201406,2,20142,2014,1,0,0
2014-06-03,Tuesday,1,3,23,June,6,June 2014,201406,2,20142,2014,1,0,0
2014-06-04,Wednesday,2,4,23,June,6,June 2014,201406,2,20142,2014,1,0,0
2014-06-05,Thursday,3,5,23,June,6,June 2014,201406,2,20142,2014,1,0,0
2014-06-06,Friday,4,6,23,June,6,June 2014,201406,2,20142,2014,1,0,0
2014-06-07,Saturday,5,7,23,June,6,June 2014,201406,2,20142,2014,1,0,0
2014-06-08,Sunday,6,8,23,June,6,June 2014,201406,2,20142,2014,1,0,0
2014-06-09,Monday,0,9,24,June,6,June 2014,201406,2,20142,2014,1,0,0
2014-06-10,Tuesday,1,10,24,June,6,June 2014,201406,2,20142,2014,1,0,0
2014-06-11,Wednesday,2,11,24,June,6,June 2014,201406,2,20142,2014,1,0,0
2014-06-12,Thursday,3,12,24,June,6,June 2014,201406,2,20142,2014,1,1,0
2014-06-13,Friday,4,13,24,June,6,June 2014,201406,2,20142,2014,1,1,0
2014-06-14,Saturday,5,14,24,June,6,June 2014,201406,2,20142,2014,1,1,0
2014-06-15,Sunday,6,15,24,June,6,June 2014,201406,2,20142,2014,1,0,0
2014-06-16,Monday,0,16,25,June,6,June 2014,201406,2,20142,2014,1,0,0
2014-06-17,Tuesday,1,17,25,June,6,June 2014,201406,2,20142,2014,1,0,0
2014-06-18,Wednesday,2,18,25,June,6,June 2014,201406,2,20142,2014,1,0,0
2014-06-19,Thursday,3,19,25,June,6,June 2014,201406,2,20142,2014,1,0,0
2014-06-20,Friday,4,20,25,June,6,June 2014,201406,2,20142,2014,1,0,0
2014-06-21,Saturday,5,21,25,June,6,June 2014,201406,2,20142,2014,1,0,0
2014-06-22,Sunday,6,22,25,June,6,June 2014,201406,2,20142,2014,1,0,0
2014-06-23,Monday,0,23,26,June,6,June 2014,201406,2,20142,2014,1,0,0
2014-06-24,Tuesday,1,24,26,June,6,June 2014,201406,2,20142,2014,1,0,0
2014-06-25,Wednesday,2,25,26,June,6,June 2014,201406,2,20142,2014,1,0,0
2014-06-26,Thursday,3,26,26,June,6,June 2014,201406,2,20142,2014,1,0,0
2014-06-27,Friday,4,27,26,June,6,June 2014,201406,2,20142,2014,1,0,0
2014-06-28,Saturday,5,28,26,June,6,June 2014,201406,2,20142,2014,1,0,0
2014-06-29,Sunday,6,29,26,June,6,June 2014,201406,2,20142,2014,1,0,0
2014-06-30,Monday,0,30,27,June,6,June 2014,201406,2,20142,2014,1,0,0
2014-07-01,Tuesday,1,1,27,July,7,July 2014,201407,3,20143,2014,2,0,0
2014-07-02,Wednesday,2,2,27,July,7,July 2014,201407,3,20143,2014,2,0,0
2014-07-03,Thursday,3,3,27,July,7,July 2014,201407,3,20143,2014,2,0,0
2014-07-04,Friday,4,4,27,July,7,July 2014,201407,3,20143,2014,2,0,0
2014-07-05,Saturday,5,5,27,July,7,July 2014,201407,3,20143,2014,2,0,0
2014-07-06,Sunday,6,6,27,July,7,July 2014,201407,3,20143,2014,2,0,0
2014-07-07,Monday,0,7,28,July,7,July 2014,201407,3,20143,2014,2,0,0
2014-07-08,Tuesday,1,8,28,July,7,July 2014,201407,3,20143,2014,2,0,0
2014-07-09,Wednesday,2,9,28,July,7,July 2014,201407,3,20143,2014,2,0,0
2014-07-10,Thursday,3,10,28,July,7,July 2014,201407,3,20143,2014,2,0,0
2014-07-11,Friday,4,11,28,July,7,July 2014,201407,3,20143,2014,2,0,0
2014-07-12,Saturday,5,12,28,July,7,July 2014,201407,3,20143,2014,2,0,0
2014-07-13,Sunday,6,13,28,July,7,July 2014,201407,3,20143,2014,2,0,0
2014-07-14,Monday,0,14,29,July,7,July 2014,201407,3,20143,2014,2,0,0
2014-07-15,Tuesday,1,15,29,July,7,July 2014,201407,3,20143,2014,2,0,0
2014-07-16,Wednesday,2,16,29,July,7,July 2014,201407,3,20143,2014,2,0,0
2014-07-17,Thursday,3,17,29,July,7,July 2014,201407,3,20143,2014,2,0,0
2014-07-18,Friday,4,18,29,July,7,July 2014,201407,3,20143,2014,2,0,0
2014-07-19,Saturday,5,19,29,July,7,July 2014,201407,3,20143,2014,2,0,0
2014-07-20,Sunday,6,20,29,July,7,July 2014,201407,3,20143,2014,2,0,0
2014-07-21,Monday,0,21,30,July,7,July 2014,201407,3,20143,2014,2,0,0
2014-07-22,Tuesday,1,22,30,July,7,July 2014,201407,3,20143,2014,2,0,0
2014-07-23,Wednesday,2,23,30,July,7,July 2014,201407,3,20143,2014,2,0,0
2014-07-24,Thursday,3,24,30,July,7,July 2014,201407,3,20143,2014,2,0,0
2014-07-25,Friday,4,25,30,July,7,July 2014,201407,3,20143,2014,2,0,0
2014-07-26,Saturday,5,26,30,July,7,July 2014,201407,3,20143,2014,2,0,0
2014-07-27,Sunday,6,27,30,July,7,July 2014,201407,3,20143,2014,2,0,0
2014-07-28,Monday,0,28,31,July,7,July 2014,201407,3,20143,2014,2,0,0
2014-07-29,Tuesday,1,29,31,July,7,July 2014,201407,3,20143,2014,2,0,0
2014-07-30,Wednesday,2,30,31,July,7,July 2014,201407,3,20143,2014,2,0,0
2014-07-31,Thursday,3,31,31,July,7,July 2014,201407,3,20143,2014,2,0,0
2014-08-01,Friday,4,1,31,August,8,August 2014,201408,3,20143,2014,2,0,0
2014-08-02,Saturday,5,2,31,August,8,August 2014,201408,3,20143,2014,2,0,0
2014-08-03,Sunday,6,3,31,August,8,August 2014,201408,3,20143,2014,2,0,0
2014-08-04,Monday,0,4,32,August,8,August 2014,201408,3,20143,2014,2,0,0
2014-08-05,Tuesday,1,5,32,August,8,August 2014,201408,3,20143,2014,2,0,0
2014-08-06,Wednesday,2,6,32,August,8,August 2014,201408,3,20143,2014,2,0,0
2014-08-07,Thursday,3,7,32,August,8,August 2014,201408,3,20143,2014,2,0,0
2014-08-08,Friday,4,8,32,August,8,August 2014,201408,3,20143,2014,2,0,0
2014-08-09,Saturday,5,9,32,August,8,August 2014,201408,3,20143,2014,2,0,0
2014-08-10,Sunday,6,10,32,August,8,August 2014,201408,3,20143,2014,2,0,0
2014-08-11,Monday,0,11,33,August,8,August 2014,201408,3,20143,2014,2,0,0
2014-08-12,Tuesday,1,12,33,August,8,August 2014,201408,3,20143,2014,2,0,0
2014-08-13,Wednesday,2,13,33,August,8,August 2014,201408,3,20143,2014,2,0,0
2014-08-14,Thursday,3,14,33,August,8,August 2014,201408,3,20143,2014,2,0,0
2014-08-15,Friday,4,15,33,August,8,August 2014,201408,3,20143,2014,2,0,0
2014-08-16,Saturday,5,16,33,August,8,August 2014,201408,3,20143,2014,2,0,0
2014-08-17,Sunday,6,17,33,August,8,August 2014,201408,3,20143,2014,2,0,0
2014-08-18,Monday,0,18,34,August,8,August 2014,201408,3,20143,2014,2,0,0
2014-08-19,Tuesday,1,19,34,August,8,August 2014,201408,3,20143,2014,2,0,0
2014-08-20,Wednesday,2,20,34,August,8,August 2014,201408,3,20143,2014,2,0,0
2014-08-21,Thursday,3,21,34,August,8,August 2014,201408,3,20143,2014,2,0,0
2014-08-22,Friday,4,22,34,August,8,August 2014,201408,3,20143,2014,2,0,0
2014-08-23,Saturday,5,23,34,August,8,August 2014,201408,3,20143,2014,2,0,0
2014-08-24,Sunday,6,24,34,August,8,August 2014,201408,3,20143,2014,2,0,0
2014-08-25,Monday,0,25,35,August,8,August 2014,201408,3,20143,2014,2,0,0
2014-08-26,Tuesday,1,26,35,August,8,August 2014,201408,3,20143,2014,2,0,0
2014-08-27,Wednesday,2,27,35,August,8,August 2014,201408,3,20143,2014,2,0,0
2014-08-28,Thursday,3,28,35,August,8,August 2014,201408,3,20143,2014,2,0,0
2014-08-29,Friday,4,29,35,August,8,August 2014,201408,3,20143,2014,2,0,0
2014-08-30,Saturday,5,30,35,August,8,August 2014,201408,3,20143,2014,2,0,0
2014-08-31,Sunday,6,31,35,August,8,August 2014,201408,3,20143,2014,2,0,0
2014-09-01,Monday,0,1,36,September,9,September 2014,201409,3,20143,2014,2,0,0
2014-09-02,Tuesday,1,2,36,September,9,September 2014,201409,3,20143,2014,2,0,0
2014-09-03,Wednesday,2,3,36,September,9,September 2014,201409,3,20143,2014,2,0,0
2014-09-04,Thursday,3,4,36,September,9,September 2014,201409,3,20143,2014,2,0,0
2014-09-05,Friday,4,5,36,September,9,September 2014,201409,3,20143,2014,2,0,0
2014-09-06,Saturday,5,6,36,September,9,September 2014,201409,3,20143,2014,2,0,0
2014-09-07,Sunday,6,7,36,September,9,September 2014,201409,3,20143,2014,2,0,0
2014-09-08,Monday,0,8,37,September,9,September 2014,201409,3,20143,2014,2,0,0
2014-09-09,Tuesday,1,9,37,September,9,September 2014,201409,3,20143,2014,2,0,0
2014-09-10,Wednesday,2,10,37,September,9,September 2014,201409,3,20143,2014,2,0,0
2014-09-11,Thursday,3,11,37,September,9,September 2014,201409,3,20143,2014,2,0,0
2014-09-12,Friday,4,12,37,September,9,September 2014,201409,3,20143,2014,2,0,0
2014-09-13,Saturday,5,13,37,September,9,September 2014,201409,3,20143,2014,2,0,0
2014-09-14,Sunday,6,14,37,September,9,September 2014,201409,3,20143,2014,2,0,0
2014-09-15,Monday,0,15,38,September,9,September 2014,201409,3,20143,2014,2,0,0
2014-09-16,Tuesday,1,16,38,September,9,September 2014,201409,3,20143,2014,2,0,0
2014-09-17,Wednesday,2,17,38,September,9,September 2014,201409,3,20143,2014,2,0,0
2014-09-18,Thursday,3,18,38,September,9,September 2014,201409,3,20143,2014,2,0,0
2014-09-19,Friday,4,19,38,September,9,September 2014,201409,3,20143,2014,2,0,0
2014-09-20,Saturday,5,20,38,September,9,September 2014,201409,3,20143,2014,2,0,0
2014-09-21,Sunday,6,21,38,September,9,September 2014,201409,3,20143,2014,2,0,0
2014-09-22,Monday,0,22,39,September,9,September 2014,201409,3,20143,2014,2,0,0
2014-09-23,Tuesday,1,23,39,September,9,September 2014,201409,3,20143,2014,2,0,0
2014-09-24,Wednesday,2,24,39,September,9,September 2014,201409,3,20143,2014,2,0,0
2014-09-25,Thursday,3,25,39,September,9,September 2014,201409,3,20143,2014,2,0,0
2014-09-26,Friday,4,26,39,September,9,September 2014,201409,3,20143,2014,2,0,0
2014-09-27,Saturday,5,27,39,September,9,September 2014,201409,3,20143,2014,2,0,0
2014-09-28,Sunday,6,28,39,September,9,September 2014,201409,3,20143,2014,2,0,0
2014-09-29,Monday,0,29,40,September,9,September 2014,201409,3,20143,2014,2,0,0
2014-09-30,Tuesday,1,30,40,September,9,September 2014,201409,3,20143,2014,2,0,0
2014-10-01,Wednesday,2,1,40,October,10,October 2014,201410,4,20144,2014,2,0,0
2014-10-02,Thursday,3,2,40,October,10,October 2014,201410,4,20144,2014,2,0,0
2014-10-03,Friday,4,3,40,October,10,October 2014,201410,4,20144,2014,2,0,0
2014-10-04,Saturday,5,4,40,October,10,October 2014,201410,4,20144,2014,2,0,0
2014-10-05,Sunday,6,5,40,October,10,October 2014,201410,4,20144,2014,2,0,0
2014-10-06,Monday,0,6,41,October,10,October 2014,201410,4,20144,2014,2,0,0
2014-10-07,Tuesday,1,7,41,October,10,October 2014,201410,4,20144,2014,2,0,0
2014-10-08,Wednesday,2,8,41,October,10,October 2014,201410,4,20144,2014,2,0,0
2014-10-09,Thursday,3,9,41,October,10,October 2014,201410,4,20144,2014,2,0,0
2014-10-10,Friday,4,10,41,October,10,October 2014,201410,4,20144,2014,2,0,0
2014-10-11,Saturday,5,11,41,October,10,October 2014,201410,4,20144,2014,2,0,0
2014-10-12,Sunday,6,12,41,October,10,October 2014,201410,4,20144,2014,2,0,0
2014-10-13,Monday,0,13,42,October,10,October 2014,201410,4,20144,2014,2,0,0
2014-10-14,Tuesday,1,14,42,October,10,October 2014,201410,4,20144,2014,2,0,0
2014-10-15,Wednesday,2,15,42,October,10,October 2014,201410,4,20144,2014,2,0,0
2014-10-16,Thursday,3,16,42,October,10,October 2014,201410,4,20144,2014,2,0,0
2014-10-17,Friday,4,17,42,October,10,October 2014,201410,4,20144,2014,2,0,0
2014-10-18,Saturday,5,18,42,October,10,October 2014,201410,4,20144,2014,2,0,0
2014-10-19,Sunday,6,19,42,October,10,October 2014,201410,4,20144,2014,2,0,0
2014-10-20,Monday,0,20,43,October,10,October 2014,201410,4,20144,2014,2,0,0
2014-10-21,Tuesday,1,21,43,October,10,October 2014,201410,4,20144,2014,2,0,0
2014-10-22,Wednesday,2,22,43,October,10,October 2014,201410,4,20144,2014,2,0,0
2014-10-23,Thursday,3,23,43,October,10,October 2014,201410,4,20144,2014,2,0,0
2014-10-24,Friday,4,24,43,October,10,October 2014,201410,4,20144,2014,2,0,0
2014-10-25,Saturday,5,25,43,October,10,October 2014,201410,4,20144,2014,2,0,0
2014-10-26,Sunday,6,26,43,October,10,October 2014,201410,4,20144,2014,2,0,0
2014-10-27,Monday,0,27,44,October,10,October 2014,201410,4,20144,2014,2,0,0
2014-10-28,Tuesday,1,28,44,October,10,October 2014,201410,4,20144,2014,2,0,0
2014-10-29,Wednesday,2,29,44,October,10,October 2014,201410,4,20144,2014,2,0,0
2014-10-30,Thursday,3,30,44,October,10,October 2014,201410,4,20144,2014,2,0,0
2014-10-31,Friday,4,31,44,October,10,October 2014,201410,4,20144,2014,2,0,0
2014-11-01,Saturday,5,1,44,November,11,November 2014,201411,4,20144,2014,2,1,0
2014-11-02,Sunday,6,2,44,November,11,November 2014,201411,4,20144,2014,2,0,0
2014-11-03,Monday,0,3,45,November,11,November 2014,201411,4,20144,2014,2,1,0
2014-11-04,Tuesday,1,4,45,November,11,November 2014,201411,4,20144,2014,2,1,0
2014-11-05,Wednesday,2,5,45,November,11,November 2014,201411,4,20144,2014,2,0,0
2014-11-06,Thursday,3,6,45,November,11,November 2014,201411,4,20144,2014,2,0,0
2014-11-07,Friday,4,7,45,November,11,November 2014,201411,4,20144,2014,2,0,0
2014-11-08,Saturday,5,8,45,November,11,November 2014,201411,4,20144,2014,2,0,0
2014-11-09,Sunday,6,9,45,November,11,November 2014,201411,4,20144,2014,2,0,0
2014-11-10,Monday,0,10,46,November,11,November 2014,201411,4,20144,2014,2,0,0
2014-11-11,Tuesday,1,11,46,November,11,November 2014,201411,4,20144,2014,2,0,0
2014-11-12,Wednesday,2,12,46,November,11,November 2014,201411,4,20144,2014,2,0,0
2014-11-13,Thursday,3,13,46,November,11,November 2014,201411,4,20144,2014,2,0,0
2014-11-14,Friday,4,14,46,November,11,November 2014,201411,4,20144,2014,2,0,0
2014-11-15,Saturday,5,15,46,November,11,November 2014,201411,4,20144,2014,2,0,0
2014-11-16,Sunday,6,16,46,November,11,November 2014,201411,4,20144,2014,2,0,0
2014-11-17,Monday,0,17,47,November,11,November 2014,201411,4,20144,2014,2,0,0
2014-11-18,Tuesday,1,18,47,November,11,November 2014,201411,4,20144,2014,2,0,0
2014-11-19,Wednesday,2,19,47,November,11,November 2014,201411,4,20144,2014,2,0,0
2014-11-20,Thursday,3,20,47,November,11,November 2014,201411,4,20144,2014,2,0,0
2014-11-21,Friday,4,21,47,November,11,November 2014,201411,4,20144,2014,2,0,0
2014-11-22,Saturday,5,22,47,November,11,November 2014,201411,4,20144,2014,2,0,0
2014-11-23,Sunday,6,23,47,November,11,November 2014,201411,4,20144,2014,2,0,0
2014-11-24,Monday,0,24,48,November,11,November 2014,201411,4,20144,2014,2,0,0
2014-11-25,Tuesday,1,25,48,November,11,November 2014,201411,4,20144,2014,2,0,0
2014-11-26,Wednesday,2,26,48,November,11,November 2014,201411,4,20144,2014,2,0,0
2014-11-27,Thursday,3,27,48,November,11,November 2014,201411,4,20144,2014,2,0,0
2014-11-28,Friday,4,28,48,November,11,November 2014,201411,4,20144,2014,2,0,1
2014-11-29,Saturday,5,29,48,November,11,November 2014,201411,4,20144,2014,2,0,0
2014-11-30,Sunday,6,30,48,November,11,November 2014,201411,4,20144,2014,2,0,0
2014-12-01,Monday,0,1,49,December,12,December 2014,201412,4,20144,2014,2,0,0
2014-12-02,Tuesday,1,2,49,December,12,December 2014,201412,4,20144,2014,2,0,0
2014-12-03,Wednesday,2,3,49,December,12,December 2014,201412,4,20144,2014,2,0,0
2014-12-04,Thursday,3,4,49,December,12,December 2014,201412,4,20144,2014,2,0,0
2014-12-05,Friday,4,5,49,December,12,December 2014,201412,4,20144,2014,2,0,0
2014-12-06,Saturday,5,6,49,December,12,December 2014,201412,4,20144,2014,2,0,0
2014-12-07,Sunday,6,7,49,December,12,December 2014,201412,4,20144,2014,2,0,0
2014-12-08,Monday,0,8,50,December,12,December 2014,201412,4,20144,2014,2,0,0
2014-12-09,Tuesday,1,9,50,December,12,December 2014,201412,4,20144,2014,2,0,0
2014-12-10,Wednesday,2,10,50,December,12,December 2014,201412,4,20144,2014,2,0,0
2014-12-11,Thursday,3,11,50,December,12,December 2014,201412,4,20144,2014,2,0,0
2014-12-12,Friday,4,12,50,December,12,December 2014,201412,4,20144,2014,2,0,0
2014-12-13,Saturday,5,13,50,December,12,December 2014,201412,4,20144,2014,2,0,0
2014-12-14,Sunday,6,14,50,December,12,December 2014,201412,4,20144,2014,2,0,0
2014-12-15,Monday,0,15,51,December,12,December 2014,201412,4,20144,2014,2,0,0
2014-12-16,Tuesday,1,16,51,December,12,December 2014,201412,4,20144,2014,2,0,0
2014-12-17,Wednesday,2,17,51,December,12,December 2014,201412,4,20144,2014,2,0,0
2014-12-18,Thursday,3,18,51,December,12,December 2014,201412,4,20144,2014,2,0,0
2014-12-19,Friday,4,19,51,December,12,December 2014,201412,4,20144,2014,2,0,0
2014-12-20,Saturday,5,20,51,December,12,December 2014,201412,4,20144,2014,2,0,0
2014-12-21,Sunday,6,21,51,December,12,December 2014,201412,4,20144,2014,2,0,0
2014-12-22,Monday,0,22,52,December,12,December 2014,201412,4,20144,2014,2,0,0
2014-12-23,Tuesday,1,23,52,December,12,December 2014,201412,4,20144,2014,2,0,0
2014-12-24,Wednesday,2,24,52,December,12,December 2014,201412,4,20144,2014,2,0,0
2014-12-25,Thursday,3,25,52,December,12,December 2014,201412,4,20144,2014,2,0,0
2014-12-26,Friday,4,26,52,December,12,December 2014,201412,4,20144,2014,2,0,0
2014-12-27,Saturday,5,27,52,December,12,December 2014,201412,4,20144,2014,2,0,0
2014-12-28,Sunday,6,28,52,December,12,December 2014,201412,4,20144,2014,2,0,0
2014-12-29,Monday,0,29,1,December,12,December 2014,201412,4,20144,2014,2,0,0
2014-12-30,Tuesday,1,30,1,December,12,December 2014,201412,4,20144,2014,2,0,0
2014-12-31,Wednesday,2,31,1,December,12,December 2014,201412,4,20144,2014,2,0,0
2015-01-01,Thursday,3,1,1,January,1,January 2015,201501,1,20151,2015,1,1,0
2015-01-02,Friday,4,2,1,January,1,January 2015,201501,1,20151,2015,1,1,0
2015-01-03,Saturday,5,3,1,January,1,January 2015,201501,1,20151,2015,1,1,0
2015-01-04,Sunday,6,4,1,January,1,January 2015,201501,1,20151,2015,1,0,0
2015-01-05,Monday,0,5,2,January,1,January 2015,201501,1,20151,2015,1,1,0
2015-01-06,Tuesday,1,6,2,January,1,January 2015,201501,1,20151,2015,1,1,0
2015-01-07,Wednesday,2,7,2,January,1,January 2015,201501,1,20151,2015,1,1,0
2015-01-08,Thursday,3,8,2,January,1,January 2015,201501,1,20151,2015,1,1,0
2015-01-09,Friday,4,9,2,January,1,January 2015,201501,1,20151,2015,1,1,0
2015-01-10,Saturday,5,10,2,January,1,January 2015,201501,1,20151,2015,1,0,0
2015-01-11,Sunday,6,11,2,January,1,January 2015,201501,1,20151,2015,1,0,0
2015-01-12,Monday,0,12,3,January,1,January 2015,201501,1,20151,2015,1,0,0
2015-01-13,Tuesday,1,13,3,January,1,January 2015,201501,1,20151,2015,1,0,0
2015-01-14,Wednesday,2,14,3,January,1,January 2015,201501,1,20151,2015,1,0,0
2015-01-15,Thursday,3,15,3,January,1,January 2015,201501,1,20151,2015,1,0,0
2015-01-16,Friday,4,16,3,January,1,January 2015,201501,1,20151,2015,1,0,0
2015-01-17,Saturday,5,17,3,January,1,January 2015,201501,1,20151,2015,1,0,0
2015-01-18,Sunday,6,18,3,January,1,January 2015,201501,1,20151,2015,1,0,0
2015-01-19,Monday,0,19,4,January,1,January 2015,201501,1,20151,2015,1,0,0
2015-01-20,Tuesday,1,20,4,January,1,January 2015,201501,1,20151,2015,1,0,0
2015-01-21,Wednesday,2,21,4,January,1,January 2015,201501,1,20151,2015,1,0,0
2015-01-22,Thursday,3,22,4,January,1,January 2015,201501,1,20151,2015,1,0,0
2015-01-23,Friday,4,23,4,January,1,January 2015,201501,1,20151,2015,1,0,0
2015-01-24,Saturday,5,24,4,January,1,January 2015,201501,1,20151,2015,1,0,0
2015-01-25,Sunday,6,25,4,January,1,January 2015,201501,1,20151,2015,1,0,0
2015-01-26,Monday,0,26,5,January,1,January 2015,201501,1,20151,2015,1,0,0
2015-01-27,Tuesday,1,27,5,January,1,January 2015,201501,1,20151,2015,1,0,0
2015-01-28,Wednesday,2,28,5,January,1,January 2015,201501,1,20151,2015,1,0,0
2015-01-29,Thursday,3,29,5,January,1,January 2015,201501,1,20151,2015,1,0,0
2015-01-30,Friday,4,30,5,January,1,January 2015,201501,1,20151,2015,1,0,0
2015-01-31,Saturday,5,31,5,January,1,January 2015,201501,1,20151,2015,1,0,0
2015-02-01,Sunday,6,1,5,February,2,February 2015,201502,1,20151,2015,1,0,0
2015-02-02,Monday,0,2,6,February,2,February 2015,201502,1,20151,2015,1,0,0
2015-02-03,Tuesday,1,3,6,February,2,February 2015,201502,1,20151,2015,1,0,0
2015-02-04,Wednesday,2,4,6,February,2,February 2015,201502,1,20151,2015,1,0,0
2015-02-05,Thursday,3,5,6,February,2,February 2015,201502,1,20151,2015,1,0,0
2015-02-06,Friday,4,6,6,February,2,February 2015,201502,1,20151,2015,1,0,0
2015-02-07,Saturday,5,7,6,February,2,February 2015,201502,1,20151,2015,1,0,0
2015-02-08,Sunday,6,8,6,February,2,February 2015,201502,1,20151,2015,1,0,0
2015-02-09,Monday,0,9,7,February,2,February 2015,201502,1,20151,2015,1,0,0
2015-02-10,Tuesday,1,10,7,February,2,February 2015,201502,1,20151,2015,1,0,0
2015-02-11,Wednesday,2,11,7,February,2,February 2015,201502,1,20151,2015,1,0,0
2015-02-12,Thursday,3,12,7,February,2,February 2015,201502,1,20151,2015,1,0,0
2015-02-13,Friday,4,13,7,February,2,February 2015,201502,1,20151,2015,1,0,0
2015-02-14,Saturday,5,14,7,February,2,February 2015,201502,1,20151,2015,1,0,0
2015-02-15,Sunday,6,15,7,February,2,February 2015,201502,1,20151,2015,1,0,0
2015-02-16,Monday,0,16,8,February,2,February 2015,201502,1,20151,2015,1,0,0
2015-02-17,Tuesday,1,17,8,February,2,February 2015,201502,1,20151,2015,1,0,0
2015-02-18,Wednesday,2,18,8,February,2,February 2015,201502,1,20151,2015,1,0,0
2015-02-19,Thursday,3,19,8,February,2,February 2015,201502,1,20151,2015,1,0,0
2015-02-20,Friday,4,20,8,February,2,February 2015,201502,1,20151,2015,1,0,0
2015-02-21,Saturday,5,21,8,February,2,February 2015,201502,1,20151,2015,1,0,0
2015-02-22,Sunday,6,22,8,February,2,February 2015,201502,1,20151,2015,1,0,0
2015-02-23,Monday,0,23,9,February,2,February 2015,201502,1,20151,2015,1,1,0
2015-02-24,Tuesday,1,24,9,February,2,February 2015,201502,1,20151,2015,1,0,0
2015-02-25,Wednesday,2,25,9,February,2,February 2015,201502,1,20151,2015,1,0,0
2015-02-26,Thursday,3,26,9,February,2,February 2015,201502,1,20151,2015,1,0,0
2015-02-27,Friday,4,27,9,February,2,February 2015,201502,1,20151,2015,1,0,0
2015-02-28,Saturday,5,28,9,February,2,February 2015,201502,1,20151,2015,1,0,0
2015-03-01,Sunday,6,1,9,March,3,March 2015,201503,1,20151,2015,1,0,0
2015-03-02,Monday,0,2,10,March,3,March 2015,201503,1,20151,2015,1,0,0
2015-03-03,Tuesday,1,3,10,March,3,March 2015,201503,1,20151,2015,1,0,0
2015-03-04,Wednesday,2,4,10,March,3,March 2015,201503,1,20151,2015,1,0,0
2015-03-05,Thursday,3,5,10,March,3,March 2015,201503,1,20151,2015,1,0,0
2015-03-06,Friday,4,6,10,March,3,March 2015,201503,1,20151,2015,1,0,0
2015-03-07,Saturday,5,7,10,March,3,March 2015,201503,1,20151,2015,1,0,0
2015-03-08,Sunday,6,8,10,March,3,March 2015,201503,1,20151,2015,1,0,0
2015-03-09,Monday,0,9,11,March,3,March 2015,201503,1,20151,2015,1,1,0
2015-03-10,Tuesday,1,10,11,March,3,March 2015,201503,1,20151,2015,1,0,0
2015-03-11,Wednesday,2,11,11,March,3,March 2015,201503,1,20151,2015,1,0,0
2015-03-12,Thursday,3,12,11,March,3,March 2015,201503,1,20151,2015,1,0,0
2015-03-13,Friday,4,13,11,March,3,March 2015,201503,1,20151,2015,1,0,0
2015-03-14,Saturday,5,14,11,March,3,March 2015,201503,1,20151,2015,1,0,0
2015-03-15,Sunday,6,15,11,March,3,March 2015,201503,1,20151,2015,1,0,0
2015-03-16,Monday,0,16,12,March,3,March 2015,201503,1,20151,2015,1,0,0
2015-03-17,Tuesday,1,17,12,March,3,March 2015,201503,1,20151,2015,1,0,0
2015-03-18,Wednesday,2,18,12,March,3,March 2015,201503,1,20151,2015,1,0,0
2015-03-19,Thursday,3,19,12,March,3,March 2015,201503,1,20151,2015,1,0,0
2015-03-20,Friday,4,20,12,March,3,March 2015,201503,1,20151,2015,1,0,0
2015-03-21,Saturday,5,21,12,March,3,March 2015,201503,1,20151,2015,1,0,0
2015-03-22,Sunday,6,22,12,March,3,March 2015,201503,1,20151,2015,1,0,0
2015-03-23,Monday,0,23,13,March,3,March 2015,201503,1,20151,2015,1,0,0
2015-03-24,Tuesday,1,24,13,March,3,March 2015,201503,1,20151,2015,1,0,0
2015-03-25,Wednesday,2,25,13,March,3,March 2015,201503,1,20151,2015,1,0,0
2015-03-26,Thursday,3,26,13,March,3,March 2015,201503,1,20151,2015,1,0,0
2015-03-27,Friday,4,27,13,March,3,March 2015,201503,1,20151,2015,1,0,0
2015-03-28,Saturday,5,28,13,March,3,March 2015,201503,1,20151,2015,1,0,0
2015-03-29,Sunday,6,29,13,March,3,March 2015,201503,1,20151,2015,1,0,0
2015-03-30,Monday,0,30,14,March,3,March 2015,201503,1,20151,2015,1,0,0
2015-03-31,Tuesday,1,31,14,March,3,March 2015,201503,1,20151,2015,1,0,0
2015-04-01,Wednesday,2,1,14,April,4,April 2015,201504,2,20152,2015,1,0,0
2015-04-02,Thursday,3,2,14,April,4,April 2015,201504,2,20152,2015,1,0,0
2015-04-03,Friday,4,3,14,April,4,April 2015,201504,2,20152,2015,1,0,0
2015-04-04,Saturday,5,4,14,April,4,April 2015,201504,2,20152,2015,1,0,0
2015-04-05,Sunday,6,5,14,April,4,April 2015,201504,2,20152,2015,1,0,0
2015-04-06,Monday,0,6,15,April,4,April 2015,201504,2,20152,2015,1,0,0
2015-04-07,Tuesday,1,7,15,April,4,April 2015,201504,2,20152,2015,1,0,0
2015-04-08,Wednesday,2,8,15,April,4,April 2015,201504,2,20152,2015,1,0,0
2015-04-09,Thursday,3,9,15,April,4,April 2015,201504,2,20152,2015,1,0,0
2015-04-10,Friday,4,10,15,April,4,April 2015,201504,2,20152,2015,1,0,0
2015-04-11,Saturday,5,11,15,April,4,April 2015,201504,2,20152,2015,1,0,0
2015-04-12,Sunday,6,12,15,April,4,April 2015,201504,2,20152,2015,1,0,0
2015-04-13,Monday,0,13,16,April,4,April 2015,201504,2,20152,2015,1,0,0
2015-04-14,Tuesday,1,14,16,April,4,April 2015,201504,2,20152,2015,1,0,0
2015-04-15,Wednesday,2,15,16,April,4,April 2015,201504,2,20152,2015,1,0,0
2015-04-16,Thursday,3,16,16,April,4,April 2015,201504,2,20152,2015,1,0,0
2015-04-17,Friday,4,17,16,April,4,April 2015,201504,2,20152,2015,1,0,0
2015-04-18,Saturday,5,18,16,April,4,April 2015,201504,2,20152,2015,1,0,0
2015-04-19,Sunday,6,19,16,April,4,April 2015,201504,2,20152,2015,1,0,0
2015-04-20,Monday,0,20,17,April,4,April 2015,201504,2,20152,2015,1,0,0
2015-04-21,Tuesday,1,21,17,April,4,April 2015,201504,2,20152,2015,1,0,0
2015-04-22,Wednesday,2,22,17,April,4,April 2015,201504,2,20152,2015,1,0,0
2015-04-23,Thursday,3,23,17,April,4,April 2015,201504,2,20152,2015,1,0,0
2015-04-24,Friday,4,24,17,April,4,April 2015,201504,2,20152,2015,1,0,0
2015-04-25,Saturday,5,25,17,April,4,April 2015,201504,2,20152,2015,1,0,0
2015-04-26,Sunday,6,26,17,April,4,April 2015,201504,2,20152,2015,1,0,0
2015-04-27,Monday,0,27,18,April,4,April 2015,201504,2,20152,2015,1,0,0
2015-04-28,Tuesday,1,28,18,April,4,April 2015,201504,2,20152,2015,1,0,0
2015-04-29,Wednesday,2,29,18,April,4,April 2015,201504,2,20152,2015,1,0,0
2015-04-30,Thursday,3,30,18,April,4,April 2015,201504,2,20152,2015,1,0,0
2015-05-01,Friday,4,1,18,May,5,May 2015,201505,2,20152,2015,1,1,0
2015-05-02,Saturday,5,2,18,May,5,May 2015,201505,2,20152,2015,1,0,0
2015-05-03,Sunday,6,3,18,May,5,May 2015,201505,2,20152,2015,1,0,0
2015-05-04,Monday,0,4,19,May,5,May 2015,201505,2,20152,2015,1,1,0
2015-05-05,Tuesday,1,5,19,May,5,May 2015,201505,2,20152,2015,1,0,0
2015-05-06,Wednesday,2,6,19,May,5,May 2015,201505,2,20152,2015,1,0,0
2015-05-07,Thursday,3,7,19,May,5,May 2015,201505,2,20152,2015,1,0,0
2015-05-08,Friday,4,8,19,May,5,May 2015,201505,2,20152,2015,1,0,0
2015-05-09,Saturday,5,9,19,May,5,May 2015,201505,2,20152,2015,1,0,0
2015-05-10,Sunday,6,10,19,May,5,May 2015,201505,2,20152,2015,1,0,0
2015-05-11,Monday,0,11,20,May,5,May 2015,201505,2,20152,2015,1,1,0
2015-05-12,Tuesday,1,12,20,May,5,May 2015,201505,2,20152,2015,1,0,0
2015-05-13,Wednesday,2,13,20,May,5,May 2015,201505,2,20152,2015,1,0,0
2015-05-14,Thursday,3,14,20,May,5,May 2015,201505,2,20152,2015,1,0,0
2015-05-15,Friday,4,15,20,May,5,May 2015,201505,2,20152,2015,1,0,0
2015-05-16,Saturday,5,16,20,May,5,May 2015,201505,2,20152,2015,1,0,0
2015-05-17,Sunday,6,17,20,May,5,May 2015,201505,2,20152,2015,1,0,0
2015-05-18,Monday,0,18,21,May,5,May 2015,201505,2,20152,2015,1,0,0
2015-05-19,Tuesday,1,19,21,May,5,May 2015,201505,2,20152,2015,1,0,0
2015-05-20,Wednesday,2,20,21,May,5,May 2015,201505,2,20152,2015,1,0,0
2015-05-21,Thursday,3,21,21,May,5,May 2015,201505,2,20152,2015,1,0,0
2015-05-22,Friday,4,22,21,May,5,May 2015,201505,2,20152,2015,1,0,0
2015-05-23,Saturday,5,23,21,May,5,May 2015,201505,2,20152,2015,1,0,0
2015-05-24,Sunday,6,24,21,May,5,May 2015,201505,2,20152,2015,1,0,0
2015-05-25,Monday,0,25,22,May,5,May 2015,201505,2,20152,2015,1,0,0
2015-05-26,Tuesday,1,26,22,May,5,May 2015,201505,2,20152,2015,1,0,0
2015-05-27,Wednesday,2,27,22,May,5,May 2015,201505,2,20152,2015,1,0,0
2015-05-28,Thursday,3,28,22,May,5,May 2015,201505,2,20152,2015,1,0,0
2015-05-29,Friday,4,29,22,May,5,May 2015,201505,2,20152,2015,1,0,0
2015-05-30,Saturday,5,30,22,May,5,May 2015,201505,2,20152,2015,1,0,0
2015-05-31,Sunday,6,31,22,May,5,May 2015,201505,2,20152,2015,1,0,0
2015-06-01,Monday,0,1,23,June,6,June 2015,201506,2,20152,2015,1,0,0
2015-06-02,Tuesday,1,2,23,June,6,June 2015,201506,2,20152,2015,1,0,0
2015-06-03,Wednesday,2,3,23,June,6,June 2015,201506,2,20152,2015,1,0,0
2015-06-04,Thursday,3,4,23,June,6,June 2015,201506,2,20152,2015,1,0,0
2015-06-05,Friday,4,5,23,June,6,June 2015,201506,2,20152,2015,1,0,0
2015-06-06,Saturday,5,6,23,June,6,June 2015,201506,2,20152,2015,1,0,0
2015-06-07,Sunday,6,7,23,June,6,June 2015,201506,2,20152,2015,1,0,0
2015-06-08,Monday,0,8,24,June,6,June 2015,201506,2,20152,2015,1,0,0
2015-06-09,Tuesday,1,9,24,June,6,June 2015,201506,2,20152,2015,1,0,0
2015-06-10,Wednesday,2,10,24,June,6,June 2015,201506,2,20152,2015,1,0,0
2015-06-11,Thursday,3,11,24,June,6,June 2015,201506,2,20152,2015,1,0,0
2015-06-12,Friday,4,12,24,June,6,June 2015,201506,2,20152,2015,1,1,0
2015-06-13,Saturday,5,13,24,June,6,June 2015,201506,2,20152,2015,1,0,0
2015-06-14,Sunday,6,14,24,June,6,June 2015,201506,2,20152,2015,1,0,0
2015-06-15,Monday,0,15,25,June,6,June 2015,201506,2,20152,2015,1,0,0
2015-06-16,Tuesday,1,16,25,June,6,June 2015,201506,2,20152,2015,1,0,0
2015-06-17,Wednesday,2,17,25,June,6,June 2015,201506,2,20152,2015,1,0,0
2015-06-18,Thursday,3,18,25,June,6,June 2015,201506,2,20152,2015,1,0,0
2015-06-19,Friday,4,19,25,June,6,June 2015,201506,2,20152,2015,1,0,0
2015-06-20,Saturday,5,20,25,June,6,June 2015,201506,2,20152,2015,1,0,0
2015-06-21,Sunday,6,21,25,June,6,June 2015,201506,2,20152,2015,1,0,0
2015-06-22,Monday,0,22,26,June,6,June 2015,201506,2,20152,2015,1,0,0
2015-06-23,Tuesday,1,23,26,June,6,June 2015,201506,2,20152,2015,1,0,0
2015-06-24,Wednesday,2,24,26,June,6,June 2015,201506,2,20152,2015,1,0,0
2015-06-25,Thursday,3,25,26,June,6,June 2015,201506,2,20152,2015,1,0,0
2015-06-26,Friday,4,26,26,June,6,June 2015,201506,2,20152,2015,1,0,0
2015-06-27,Saturday,5,27,26,June,6,June 2015,201506,2,20152,2015,1,0,0
2015-06-28,Sunday,6,28,26,June,6,June 2015,201506,2,20152,2015,1,0,0
2015-06-29,Monday,0,29,27,June,6,June 2015,201506,2,20152,2015,1,0,0
2015-06-30,Tuesday,1,30,27,June,6,June 2015,201506,2,20152,2015,1,0,0
2015-07-01,Wednesday,2,1,27,July,7,July 2015,201507,3,20153,2015,2,0,0
2015-07-02,Thursday,3,2,27,July,7,July 2015,201507,3,20153,2015,2,0,0
2015-07-03,Friday,4,3,27,July,7,July 2015,201507,3,20153,2015,2,0,0
2015-07-04,Saturday,5,4,27,July,7,July 2015,201507,3,20153,2015,2,0,0
2015-07-05,Sunday,6,5,27,July,7,July 2015,201507,3,20153,2015,2,0,0
2015-07-06,Monday,0,6,28,July,7,July 2015,201507,3,20153,2015,2,0,0
2015-07-07,Tuesday,1,7,28,July,7,July 2015,201507,3,20153,2015,2,0,0
2015-07-08,Wednesday,2,8,28,July,7,July 2015,201507,3,20153,2015,2,0,0
2015-07-09,Thursday,3,9,28,July,7,July 2015,201507,3,20153,2015,2,0,0
2015-07-10,Friday,4,10,28,July,7,July 2015,201507,3,20153,2015,2,0,0
2015-07-11,Saturday,5,11,28,July,7,July 2015,201507,3,20153,2015,2,0,0
2015-07-12,Sunday,6,12,28,July,7,July 2015,201507,3,20153,2015,2,0,0
2015-07-13,Monday,0,13,29,July,7,July 2015,201507,3,20153,2015,2,0,0
2015-07-14,Tuesday,1,14,29,July,7,July 2015,201507,3,20153,2015,2,0,0
2015-07-15,Wednesday,2,15,29,July,7,July 2015,201507,3,20153,2015,2,0,0
2015-07-16,Thursday,3,16,29,July,7,July 2015,201507,3,20153,2015,2,0,0
2015-07-17,Friday,4,17,29,July,7,July 2015,201507,3,20153,2015,2,0,0
2015-07-18,Saturday,5,18,29,July,7,July 2015,201507,3,20153,2015,2,0,0
2015-07-19,Sunday,6,19,29,July,7,July 2015,201507,3,20153,2015,2,0,0
2015-07-20,Monday,0,20,30,July,7,July 2015,201507,3,20153,2015,2,0,0
2015-07-21,Tuesday,1,21,30,July,7,July 2015,201507,3,20153,2015,2,0,0
2015-07-22,Wednesday,2,22,30,July,7,July 2015,201507,3,20153,2015,2,0,0
2015-07-23,Thursday,3,23,30,July,7,July 2015,201507,3,20153,2015,2,0,0
2015-07-24,Friday,4,24,30,July,7,July 2015,201507,3,20153,2015,2,0,0
2015-07-25,Saturday,5,25,30,July,7,July 2015,201507,3,20153,2015,2,0,0
2015-07-26,Sunday,6,26,30,July,7,July 2015,201507,3,20153,2015,2,0,0
2015-07-27,Monday,0,27,31,July,7,July 2015,201507,3,20153,2015,2,0,0
2015-07-28,Tuesday,1,28,31,July,7,July 2015,201507,3,20153,2015,2,0,0
2015-07-29,Wednesday,2,29,31,July,7,July 2015,201507,3,20153,2015,2,0,0
2015-07-30,Thursday,3,30,31,July,7,July 2015,201507,3,20153,2015,2,0,0
2015-07-31,Friday,4,31,31,July,7,July 2015,201507,3,20153,2015,2,0,0
2015-08-01,Saturday,5,1,31,August,8,August 2015,201508,3,20153,2015,2,0,0
2015-08-02,Sunday,6,2,31,August,8,August 2015,201508,3,20153,2015,2,0,0
2015-08-03,Monday,0,3,32,August,8,August 2015,201508,3,20153,2015,2,0,0
2015-08-04,Tuesday,1,4,32,August,8,August 2015,201508,3,20153,2015,2,0,0
2015-08-05,Wednesday,2,5,32,August,8,August 2015,201508,3,20153,2015,2,0,0
2015-08-06,Thursday,3,6,32,August,8,August 2015,201508,3,20153,2015,2,0,0
2015-08-07,Friday,4,7,32,August,8,August 2015,201508,3,20153,2015,2,0,0
2015-08-08,Saturday,5,8,32,August,8,August 2015,201508,3,20153,2015,2,0,0
2015-08-09,Sunday,6,9,32,August,8,August 2015,201508,3,20153,2015,2,0,0
2015-08-10,Monday,0,10,33,August,8,August 2015,201508,3,20153,2015,2,0,0
2015-08-11,Tuesday,1,11,33,August,8,August 2015,201508,3,20153,2015,2,0,0
2015-08-12,Wednesday,2,12,33,August,8,August 2015,201508,3,20153,2015,2,0,0
2015-08-13,Thursday,3,13,33,August,8,August 2015,201508,3,20153,2015,2,0,0
2015-08-14,Friday,4,14,33,August,8,August 2015,201508,3,20153,2015,2,0,0
2015-08-15,Saturday,5,15,33,August,8,August 2015,201508,3,20153,2015,2,0,0
2015-08-16,Sunday,6,16,33,August,8,August 2015,201508,3,20153,2015,2,0,0
2015-08-17,Monday,0,17,34,August,8,August 2015,201508,3,20153,2015,2,0,0
2015-08-18,Tuesday,1,18,34,August,8,August 2015,201508,3,20153,2015,2,0,0
2015-08-19,Wednesday,2,19,34,August,8,August 2015,201508,3,20153,2015,2,0,0
2015-08-20,Thursday,3,20,34,August,8,August 2015,201508,3,20153,2015,2,0,0
2015-08-21,Friday,4,21,34,August,8,August 2015,201508,3,20153,2015,2,0,0
2015-08-22,Saturday,5,22,34,August,8,August 2015,201508,3,20153,2015,2,0,0
2015-08-23,Sunday,6,23,34,August,8,August 2015,201508,3,20153,2015,2,0,0
2015-08-24,Monday,0,24,35,August,8,August 2015,201508,3,20153,2015,2,0,0
2015-08-25,Tuesday,1,25,35,August,8,August 2015,201508,3,20153,2015,2,0,0
2015-08-26,Wednesday,2,26,35,August,8,August 2015,201508,3,20153,2015,2,0,0
2015-08-27,Thursday,3,27,35,August,8,August 2015,201508,3,20153,2015,2,0,0
2015-08-28,Friday,4,28,35,August,8,August 2015,201508,3,20153,2015,2,0,0
2015-08-29,Saturday,5,29,35,August,8,August 2015,201508,3,20153,2015,2,0,0
2015-08-30,Sunday,6,30,35,August,8,August 2015,201508,3,20153,2015,2,0,0
2015-08-31,Monday,0,31,36,August,8,August 2015,201508,3,20153,2015,2,0,0
2015-09-01,Tuesday,1,1,36,September,9,September 2015,201509,3,20153,2015,2,0,0
2015-09-02,Wednesday,2,2,36,September,9,September 2015,201509,3,20153,2015,2,0,0
2015-09-03,Thursday,3,3,36,September,9,September 2015,201509,3,20153,2015,2,0,0
2015-09-04,Friday,4,4,36,September,9,September 2015,201509,3,20153,2015,2,0,0
2015-09-05,Saturday,5,5,36,September,9,September 2015,201509,3,20153,2015,2,0,0
2015-09-06,Sunday,6,6,36,September,9,September 2015,201509,3,20153,2015,2,0,0
2015-09-07,Monday,0,7,37,September,9,September 2015,201509,3,20153,2015,2,0,0
2015-09-08,Tuesday,1,8,37,September,9,September 2015,201509,3,20153,2015,2,0,0
2015-09-09,Wednesday,2,9,37,September,9,September 2015,201509,3,20153,2015,2,0,0
2015-09-10,Thursday,3,10,37,September,9,September 2015,201509,3,20153,2015,2,0,0
2015-09-11,Friday,4,11,37,September,9,September 2015,201509,3,20153,2015,2,0,0
2015-09-12,Saturday,5,12,37,September,9,September 2015,201509,3,20153,2015,2,0,0
2015-09-13,Sunday,6,13,37,September,9,September 2015,201509,3,20153,2015,2,0,0
2015-09-14,Monday,0,14,38,September,9,September 2015,201509,3,20153,2015,2,0,0
2015-09-15,Tuesday,1,15,38,September,9,September 2015,201509,3,20153,2015,2,0,0
2015-09-16,Wednesday,2,16,38,September,9,September 2015,201509,3,20153,2015,2,0,0
2015-09-17,Thursday,3,17,38,September,9,September 2015,201509,3,20153,2015,2,0,0
2015-09-18,Friday,4,18,38,September,9,September 2015,201509,3,20153,2015,2,0,0
2015-09-19,Saturday,5,19,38,September,9,September 2015,201509,3,20153,2015,2,0,0
2015-09-20,Sunday,6,20,38,September,9,September 2015,201509,3,20153,2015,2,0,0
2015-09-21,Monday,0,21,39,September,9,September 2015,201509,3,20153,2015,2,0,0
2015-09-22,Tuesday,1,22,39,September,9,September 2015,201509,3,20153,2015,2,0,0
2015-09-23,Wednesday,2,23,39,September,9,September 2015,201509,3,20153,2015,2,0,0
2015-09-24,Thursday,3,24,39,September,9,September 2015,201509,3,20153,2015,2,0,0
2015-09-25,Friday,4,25,39,September,9,September 2015,201509,3,20153,2015,2,0,0
2015-09-26,Saturday,5,26,39,September,9,September 2015,201509,3,20153,2015,2,0,0
2015-09-27,Sunday,6,27,39,September,9,September 2015,201509,3,20153,2015,2,0,0
2015-09-28,Monday,0,28,40,September,9,September 2015,201509,3,20153,2015,2,0,0
2015-09-29,Tuesday,1,29,40,September,9,September 2015,201509,3,20153,2015,2,0,0
2015-09-30,Wednesday,2,30,40,September,9,September 2015,201509,3,20153,2015,2,0,0
2015-10-01,Thursday,3,1,40,October,10,October 2015,201510,4,20154,2015,2,0,0
2015-10-02,Friday,4,2,40,October,10,October 2015,201510,4,20154,2015,2,0,0
2015-10-03,Saturday,5,3,40,October,10,October 2015,201510,4,20154,2015,2,0,0
2015-10-04,Sunday,6,4,40,October,10,October 2015,201510,4,20154,2015,2,0,0
2015-10-05,Monday,0,5,41,October,10,October 2015,201510,4,20154,2015,2,0,0
2015-10-06,Tuesday,1,6,41,October,10,October 2015,201510,4,20154,2015,2,0,0
2015-10-07,Wednesday,2,7,41,October,10,October 2015,201510,4,20154,2015,2,0,0
2015-10-08,Thursday,3,8,41,October,10,October 2015,201510,4,20154,2015,2,0,0
2015-10-09,Friday,4,9,41,October,10,October 2015,201510,4,20154,2015,2,0,0
2015-10-10,Saturday,5,10,41,October,10,October 2015,201510,4,20154,2015,2,0,0
2015-10-11,Sunday,6,11,41,October,10,October 2015,201510,4,20154,2015,2,0,0
2015-10-12,Monday,0,12,42,October,10,October 2015,201510,4,20154,2015,2,0,0
2015-10-13,Tuesday,1,13,42,October,10,October 2015,201510,4,20154,2015,2,0,0
2015-10-14,Wednesday,2,14,42,October,10,October 2015,201510,4,20154,2015,2,0,0
2015-10-15,Thursday,3,15,42,October,10,October 2015,201510,4,20154,2015,2,0,0
2015-10-16,Friday,4,16,42,October,10,October 2015,201510,4,20154,2015,2,0,0
2015-10-17,Saturday,5,17,42,October,10,October 2015,201510,4,20154,2015,2,0,0
2015-10-18,Sunday,6,18,42,October,10,October 2015,201510,4,20154,2015,2,0,0
2015-10-19,Monday,0,19,43,October,10,October 2015,201510,4,20154,2015,2,0,0
2015-10-20,Tuesday,1,20,43,October,10,October 2015,201510,4,20154,2015,2,0,0
2015-10-21,Wednesday,2,21,43,October,10,October 2015,201510,4,20154,2015,2,0,0
2015-10-22,Thursday,3,22,43,October,10,October 2015,201510,4,20154,2015,2,0,0
2015-10-23,Friday,4,23,43,October,10,October 2015,201510,4,20154,2015,2,0,0
2015-10-24,Saturday,5,24,43,October,10,October 2015,201510,4,20154,2015,2,0,0
2015-10-25,Sunday,6,25,43,October,10,October 2015,201510,4,20154,2015,2,0,0
2015-10-26,Monday,0,26,44,October,10,October 2015,201510,4,20154,2015,2,0,0
2015-10-27,Tuesday,1,27,44,October,10,October 2015,201510,4,20154,2015,2,0,0
2015-10-28,Wednesday,2,28,44,October,10,October 2015,201510,4,20154,2015,2,0,0
2015-10-29,Thursday,3,29,44,October,10,October 2015,201510,4,20154,2015,2,0,0
2015-10-30,Friday,4,30,44,October,10,October 2015,201510,4,20154,2015,2,0,0
2015-10-31,Saturday,5,31,44,October,10,October 2015,201510,4,20154,2015,2,0,0
2015-11-01,Sunday,6,1,44,November,11,November 2015,201511,4,20154,2015,2,0,0
2015-11-02,Monday,0,2,45,November,11,November 2015,201511,4,20154,2015,2,0,0
2015-11-03,Tuesday,1,3,45,November,11,November 2015,201511,4,20154,2015,2,0,0
2015-11-04,Wednesday,2,4,45,November,11,November 2015,201511,4,20154,2015,2,1,0
2015-11-05,Thursday,3,5,45,November,11,November 2015,201511,4,20154,2015,2,0,0
2015-11-06,Friday,4,6,45,November,11,November 2015,201511,4,20154,2015,2,0,0
2015-11-07,Saturday,5,7,45,November,11,November 2015,201511,4,20154,2015,2,0,0
2015-11-08,Sunday,6,8,45,November,11,November 2015,201511,4,20154,2015,2,0,0
2015-11-09,Monday,0,9,46,November,11,November 2015,201511,4,20154,2015,2,0,0
2015-11-10,Tuesday,1,10,46,November,11,November 2015,201511,4,20154,2015,2,0,0
2015-11-11,Wednesday,2,11,46,November,11,November 2015,201511,4,20154,2015,2,0,0
2015-11-12,Thursday,3,12,46,November,11,November 2015,201511,4,20154,2015,2,0,0
2015-11-13,Friday,4,13,46,November,11,November 2015,201511,4,20154,2015,2,0,0
2015-11-14,Saturday,5,14,46,November,11,November 2015,201511,4,20154,2015,2,0,0
2015-11-15,Sunday,6,15,46,November,11,November 2015,201511,4,20154,2015,2,0,0
2015-11-16,Monday,0,16,47,November,11,November 2015,201511,4,20154,2015,2,0,0
2015-11-17,Tuesday,1,17,47,November,11,November 2015,201511,4,20154,2015,2,0,0
2015-11-18,Wednesday,2,18,47,November,11,November 2015,201511,4,20154,2015,2,0,0
2015-11-19,Thursday,3,19,47,November,11,November 2015,201511,4,20154,2015,2,0,0
2015-11-20,Friday,4,20,47,November,11,November 2015,201511,4,20154,2015,2,0,0
2015-11-21,Saturday,5,21,47,November,11,November 2015,201511,4,20154,2015,2,0,0
2015-11-22,Sunday,6,22,47,November,11,November 2015,201511,4,20154,2015,2,0,0
2015-11-23,Monday,0,23,48,November,11,November 2015,201511,4,20154,2015,2,0,0
2015-11-24,Tuesday,1,24,48,November,11,November 2015,201511,4,20154,2015,2,0,0
2015-11-25,Wednesday,2,25,48,November,11,November 2015,201511,4,20154,2015,2,0,0
2015-11-26,Thursday,3,26,48,November,11,November 2015,201511,4,20154,2015,2,0,0
2015-11-27,Friday,4,27,48,November,11,November 2015,201511,4,20154,2015,2,0,1
2015-11-28,Saturday,5,28,48,November,11,November 2015,201511,4,20154,2015,2,0,0
2015-11-29,Sunday,6,29,48,November,11,November 2015,201511,4,20154,2015,2,0,0
2015-11-30,Monday,0,30,49,November,11,November 2015,201511,4,20154,2015,2,0,0
